"family","taxon","author"
"Acanthaceae","Avicennia marina","(Forssk.) Vierh."
"Alseuosmiaceae","Periomphale balansae","Baill."
"Alseuosmiaceae","Platyspermation crassifolium","Guillaumin"
"Amborellaceae","Amborella trichopoda","Baill."
"Anacardiaceae","Euroschinus aoupiniensis","Hoff"
"Anacardiaceae","Euroschinus elegans","Engl."
"Anacardiaceae","Euroschinus jaffrei","Hoff"
"Anacardiaceae","Euroschinus obtusifolius","Engl."
"Anacardiaceae","Euroschinus rubromarginatus","Baker f."
"Anacardiaceae","Euroschinus verrucosus","Engl."
"Anacardiaceae","Euroschinus vieillardii","Engl."
"Anacardiaceae","Pleiogynium timoriense","(DC.) Leenh."
"Anacardiaceae","Semecarpus ater","(G. Forst.) Vieill."
"Anacardiaceae","Semecarpus balansae","Engl."
"Anacardiaceae","Semecarpus neocaledonicus","Engl."
"Annonaceae","Goniothalamus hmoope","Munzinger & D.M.Johnson"
"Annonaceae","Goniothalamus obtusatus","(Baill.) R.M.K.Saunders"
"Annonaceae","Huberantha nitidissima","(Dunal) Chaowasku"
"Annonaceae","Meiogyne baillonii","(Guillaumin) Heusden"
"Annonaceae","Meiogyne lecardii","(Guillaumin) Heusden"
"Annonaceae","Xylopia dibaccata","Däniker"
"Annonaceae","Xylopia vieillardii","Baill."
"Apiaceae","Apiopetalum glabratum","Baill."
"Apiaceae","Apiopetalum velutinum","Baill."
"Apocynaceae","Alstonia balansae","Guillaumin"
"Apocynaceae","Alstonia boulindaensis","Boiteau"
"Apocynaceae","Alstonia costata","(G.Forst.) R.Br."
"Apocynaceae","Alstonia lanceolata","Van Heurck & Müll.Arg."
"Apocynaceae","Alstonia lanceolifera","S.Moore"
"Apocynaceae","Alstonia lenormandii","Van Heurck & Müll.Arg."
"Apocynaceae","Alstonia odontophora","Boiteau"
"Apocynaceae","Alstonia quaternata","Van Heurck & Müll.Arg."
"Apocynaceae","Alstonia sphaerocapitata","Boiteau"
"Apocynaceae","Alstonia vieillardii","Van Heurck & Müll.Arg."
"Apocynaceae","Carissa spinarum","L."
"Apocynaceae","Cerbera manghas","L."
"Apocynaceae","Cerbera odollam","Gaertn."
"Apocynaceae","Cerberiopsis candelabra","Vieill. ex Pancher & Sebert"
"Apocynaceae","Cerberiopsis neriifolia","(S.Moore) Boiteau"
"Apocynaceae","Cerberiopsis obtusifolia","(Van Heurck & Müll.Arg.) Boiteau"
"Apocynaceae","Leichhardtia koniamboensis","(Guillaumin) Liede, Gâteblé & Meve"
"Apocynaceae","Ochrosia balansae","(Guillaumin) Baill. ex Guillaumin"
"Apocynaceae","Ochrosia brevituba","Boiteau"
"Apocynaceae","Ochrosia elliptica","Labill."
"Apocynaceae","Ochrosia grandiflora","Boiteau"
"Apocynaceae","Ochrosia inventorum","L.Allorge"
"Apocynaceae","Ochrosia lifuana","Guillaumin"
"Apocynaceae","Ochrosia miana","Baill. ex Guillaumin"
"Apocynaceae","Ochrosia oppositifolia","(Lam.) K.Schum."
"Apocynaceae","Ochrosia sevenetii","Boiteau"
"Apocynaceae","Ochrosia silvatica","Däniker"
"Apocynaceae","Ochrosia thiollierei","Montrouz."
"Apocynaceae","Rauvolfia balansae","(Baill.) Boiteau"
"Apocynaceae","Rauvolfia semperflorens","(Müll.Arg.) Schltr."
"Apocynaceae","Tabernaemontana cerifera","Pancher & Sebert"
"Apocynaceae","Tabernaemontana pandacaqui","Poir."
"Aquifoliaceae","Ilex sebertii","Pancher"
"Araliaceae","Meryta balansae","Baill."
"Araliaceae","Meryta coriacea","Baill."
"Araliaceae","Meryta denhamii","Seem."
"Araliaceae","Meryta oxylaena","Baill."
"Araliaceae","Meryta pachycarpa","Baill."
"Araliaceae","Meryta pandanicarpa","Guillaumin"
"Araliaceae","Meryta rivularis","Lowry"
"Araliaceae","Meryta schizolaena","Baill."
"Araliaceae","Meryta sonchifolia","(Linden) Linden & André"
"Araliaceae","Plerandra baillonii","(R.Vig.) Lowry, G.M.Plunkett & Frodin"
"Araliaceae","Plerandra crassipes","(Baill.) Lowry, G.M.Plunkett & Frodin"
"Araliaceae","Plerandra elegantissima","(Veitch ex Mast.) Lowry, G.M.Plunkett & Frodin"
"Araliaceae","Plerandra elongata","(Baill.) Lowry, G.M.Plunkett & Frodin"
"Araliaceae","Plerandra emiliana","(Baill.) Lowry, G.M.Plunkett & Frodin"
"Araliaceae","Plerandra gabriellae","(Baill.) Lowry, G.M.Plunkett & Frodin"
"Araliaceae","Plerandra leptophylla","(Veitch ex T.Moore) Lowry, G.M.Plunkett & Frodin"
"Araliaceae","Plerandra nono","(Baill.) Lowry, G.M.Plunkett & Frodin"
"Araliaceae","Plerandra osyana","(Veitch ex Regel) Lowry, G.M.Plunkett & Frodin"
"Araliaceae","Plerandra pachyphylla","(Harms) Lowry, G.M.Plunkett & Frodin"
"Araliaceae","Plerandra pancheri","(Baill.) Lowry, G.M.Plunkett & Frodin"
"Araliaceae","Plerandra plerandroides","(R. Vig.) Lowry, G.M.Plunkett & Frodin"
"Araliaceae","Plerandra polydactylis","(Montr.) Lowry, G.M Plunkett & Frodin"
"Araliaceae","Plerandra reginae","(Linden ex W.Richards) Lowry, G.M.Plunkett & Frodin"
"Araliaceae","Plerandra veilloniorum","Lowry & G.M.Plunkett"
"Araliaceae","Plerandra veitchii","(Carrière) Lowry, G.M.Plunkett & Frodin"
"Araliaceae","Polyscias balansae","(Baill.) Harms"
"Araliaceae","Polyscias biformis","(Philipson) Lowry & G.M.Plunkett"
"Araliaceae","Polyscias bracteata","(R.Vig.) Lowry"
"Araliaceae","Polyscias cissodendron","(C.Moore & F.Muell.) Harms"
"Araliaceae","Polyscias crenata","(Pancher & Sebert) Frodin"
"Araliaceae","Polyscias dioica","(Vieill. ex Pancher & Sebert) Harms"
"Araliaceae","Polyscias guilfoylei","(W.Bull) L.H.Bailey"
"Araliaceae","Polyscias lecardii","(R.Vig.) Lowry"
"Araliaceae","Polyscias mackeei","Lowry & G.M.Plunkett"
"Araliaceae","Polyscias microbotrys","(Baill.) Harms"
"Araliaceae","Polyscias otopyrena","(Baill.) Lowry & G.M.Plunkett"
"Araliaceae","Polyscias pancheri","(Baill.) Harms"
"Araliaceae","Polyscias scopoliae","(Baill.) Lowry"
"Araliaceae","Polyscias vieillardii","(Baill.) Lowry & G.M.Plunkett"
"Araliaceae","Polyscias weinmanniae","(Baill.) Harms"
"Araliaceae","Schefflera candelabrum","Baill."
"Araliaceae","Schefflera pseudocandelabrum","R.Vig."
"Araliaceae","Schefflera vieillardii","Baill."
"Araucariaceae","Agathis lanceolata","Warb."
"Araucariaceae","Agathis montana","de Laub."
"Araucariaceae","Agathis moorei","(Lindl.) Mast."
"Araucariaceae","Agathis ovata","(C.Moore ex Vieill.) Warb."
"Araucariaceae","Araucaria bernieri","J.Buchholz"
"Araucariaceae","Araucaria biramulata","J.Buchholz"
"Araucariaceae","Araucaria columnaris","(G.Forst.) Hook."
"Araucariaceae","Araucaria goroensis","R.R.Mill & Ruhsam"
"Araucariaceae","Araucaria humboldtensis","J.Buchholz"
"Araucariaceae","Araucaria laubenfelsii","Corbasson"
"Araucariaceae","Araucaria luxurians","(Brongn. & Gris) de Laub."
"Araucariaceae","Araucaria montana","Brongn. & Gris"
"Araucariaceae","Araucaria muelleri","(Carrière) Brongn. & Gris"
"Araucariaceae","Araucaria nemorosa","de Laub."
"Araucariaceae","Araucaria rulei","F.Muell."
"Araucariaceae","Araucaria schmidii","de Laub."
"Araucariaceae","Araucaria scopulorum","de Laub."
"Araucariaceae","Araucaria subulata","Vieill."
"Arecaceae","Actinokentia divaricata","(Brongn.) Dammer"
"Arecaceae","Actinokentia huerlimannii","H.E.Moore"
"Arecaceae","Basselinia deplanchei","(Brongn. & Gris) Vieill."
"Arecaceae","Basselinia eriostachys","(Brongn.) Becc."
"Arecaceae","Basselinia favieri","H.E.Moore"
"Arecaceae","Basselinia glabrata","Becc."
"Arecaceae","Basselinia gracilis","(Brongn. & Gris) Vieill."
"Arecaceae","Basselinia humboldtiana","(Brongn.) H.E.Moore"
"Arecaceae","Basselinia iterata","H.E.Moore"
"Arecaceae","Basselinia moorei","Pintaud & F.W.Stauffer"
"Arecaceae","Basselinia pancheri","(Brongn. & Gris) Vieill."
"Arecaceae","Basselinia porphyrea","H.E.Moore"
"Arecaceae","Basselinia sordida","H.E.Moore"
"Arecaceae","Basselinia tomentosa","Becc."
"Arecaceae","Basselinia velutina","Becc."
"Arecaceae","Basselinia vestita","H.E.Moore"
"Arecaceae","Burretiokentia dumasii","Pintaud & Hodel"
"Arecaceae","Burretiokentia grandiflora","Pintaud & Hodel"
"Arecaceae","Burretiokentia hapala","H.E.Moore"
"Arecaceae","Burretiokentia koghiensis","Pintaud & Hodel"
"Arecaceae","Burretiokentia vieillardii","(Brongn. & Gris) Pic.Serm."
"Arecaceae","Chambeyronia houailouensis","Hodel & C.F.Barrett"
"Arecaceae","Chambeyronia lepidota","H.E.Moore"
"Arecaceae","Chambeyronia macrocarpa","(Brongn.) Vieill. ex Becc."
"Arecaceae","Clinosperma bracteale","(Brongn.) Becc."
"Arecaceae","Clinosperma lanuginosa","(H.E.Moore) Pintaud & W.J.Baker"
"Arecaceae","Clinosperma macrocarpa","(H.E.Moore) Pintaud & W.J.Baker"
"Arecaceae","Clinosperma vaginata","(Brongn.) Pintaud & W.J.Baker"
"Arecaceae","Cyphokentia cerifera","(H.E.Moore) Pintaud & W.J.Baker"
"Arecaceae","Cyphokentia macrostachya","Brongn."
"Arecaceae","Cyphophoenix alba","(H.E.Moore) Pintaud & W.J.Baker"
"Arecaceae","Cyphophoenix elegans","(Brongn. & Gris) H.Wendl. ex Salomon"
"Arecaceae","Cyphophoenix fulcita","(Brongn.) Hook.f. ex Salomon"
"Arecaceae","Cyphophoenix nucele","H.E.Moore"
"Arecaceae","Cyphosperma balansae","(Brongn.) H.Wendl. ex Salomon"
"Arecaceae","Kentiopsis magnifica","(H.E.Moore) Pintaud & Hodel"
"Arecaceae","Kentiopsis oliviformis","(Brongn. & Gris) Brongn."
"Arecaceae","Kentiopsis piersoniorum","Pintaud & Hodel"
"Arecaceae","Kentiopsis pyriformis","Pintaud & Hodel"
"Arecaceae","Saribus jeanneneyi","(Becc.) Bacon & W.J.Baker"
"Argophyllaceae","Argophyllum nitidum","J.R.Forst. & G.Forst."
"Asparagaceae","Cordyline neocaledonica","(Baker) B.D.Jacks."
"Atherospermataceae","Nemuaron vieillardii","(Baill.) Baill."
"Balanopaceae","Balanops balansae","Baill."
"Balanopaceae","Balanops microstachya","Baill."
"Balanopaceae","Balanops oliviformis","Baill."
"Balanopaceae","Balanops pachyphylla","Baill. ex Guillaumin"
"Balanopaceae","Balanops pancheri","Baill."
"Balanopaceae","Balanops sparsifolia","(Schltr.) Hjelmq."
"Balanopaceae","Balanops vieillardii","Baill."
"Bignoniaceae","Deplanchea sessilifolia","(Vieill. ex Pancher) Steenis"
"Bignoniaceae","Deplanchea speciosa","Vieill."
"Bignoniaceae","Dolichandrone spathacea","(L.f.) Seem."
"Boraginaceae","Cordia aspera","G.Forst."
"Boraginaceae","Cordia dichotoma","G.Forst."
"Boraginaceae","Cordia subcordata","Lam."
"Boraginaceae","Heliotropium arboreum","(Blanco) Mabb."
"Burseraceae","Canarium balansae","Engl."
"Burseraceae","Canarium oleiferum","Baill."
"Burseraceae","Canarium trifoliolatum","Engl."
"Burseraceae","Canarium whitei","Guillaumin"
"Calophyllaceae","Calophyllum caledonicum","Vieill. ex Planch. & Triana"
"Calophyllaceae","Calophyllum inophyllum","L."
"Calophyllaceae","Mammea neurophylla","(Schltr.) Kosterm."
"Cannabaceae","Celtis conferta","Planch."
"Cannabaceae","Celtis paniculata","(Endl.) Planch."
"Cannabaceae","Trema cannabinum","Lour."
"Cannabaceae","Trema orientale","(L.) Blume"
"Cardiopteridaceae","Citronella macrocarpa","Hürl."
"Cardiopteridaceae","Citronella sarmentosa","(Baill.) R.A.Howard"
"Casuarinaceae","Casuarina collina","J.Poiss. ex Pancher & Sebert"
"Casuarinaceae","Casuarina equisetifolia","L."
"Casuarinaceae","Casuarina potamophila","Schltr."
"Casuarinaceae","Casuarina teres","Schltr."
"Casuarinaceae","Gymnostoma chamaecyparis","(Poiss.) L.A.S.Johnson"
"Casuarinaceae","Gymnostoma deplancheanum","(Miq.) L.A.S.Johnson"
"Casuarinaceae","Gymnostoma glaucescens","(Schltr.) L.A.S.Johnson"
"Casuarinaceae","Gymnostoma intermedium","(Poiss.) L.A.S.Johnson"
"Casuarinaceae","Gymnostoma leucodon","(Poiss.) L.A.S.Johnson"
"Casuarinaceae","Gymnostoma nodiflorum","(Thunb.) L.A.S.Johnson"
"Casuarinaceae","Gymnostoma poissonianum","(Schltr.) L.A.S.Johnson"
"Celastraceae","Cassine brachycremastra","(Guillaumin) I.H.Müll."
"Celastraceae","Denhamia fournieri","(Pancher & Sebert) M.P.Simmons"
"Celastraceae","Dicarpellum baillonianum","(Loes.) A.C.Sm."
"Celastraceae","Dicarpellum pancheri","(Baill.) A.C.Sm."
"Celastraceae","Dicarpellum paucisepalum","Hürl. ex M.P.Simmons"
"Celastraceae","Dicarpellum pronyense","(Guillaumin) A.C.Sm."
"Celastraceae","Elaeodendron cunninghamii","Montrouz."
"Celastraceae","Elaeodendron curtipendulum","Endl."
"Celastraceae","Elaeodendron pininsulare","Hürl."
"Celastraceae","Menepetalum cathoides","Loes."
"Celastraceae","Menepetalum salicifolium","Loes."
"Celastraceae","Menepetalum schlechteri","Loes."
"Celastraceae","Pleurostylia opposita","(Wall.) Alston"
"Celastraceae","Salaciopsis glomerata","Hürl."
"Celastraceae","Salaciopsis megaphylla","(Poiss. ex Guillaumin) Loes."
"Celastraceae","Salaciopsis neocaledonica","Baker f."
"Celastraceae","Salaciopsis sparsiflora","Hürl."
"Chloranthaceae","Ascarina rubricaulis","Solms"
"Chloranthaceae","Ascarina solmsiana","Schltr."
"Chrysobalanaceae","Hunga gerontogea","(Schltr.) Prance"
"Chrysobalanaceae","Hunga lifouana","(Däniker) Prance"
"Chrysobalanaceae","Hunga mackeeana","Prance"
"Chrysobalanaceae","Hunga minutiflora","(Baker f.) Prance"
"Chrysobalanaceae","Hunga rhamnoides","(Guillaumin) Prance"
"Clusiaceae","Garcinia amplexicaulis","Vieill. ex Pierre"
"Clusiaceae","Garcinia densiflora","Pierre"
"Clusiaceae","Garcinia hennecartii","Pierre ex Schltr."
"Clusiaceae","Garcinia mungotia","Planch. ex Pierre"
"Clusiaceae","Garcinia neglecta","Vieill."
"Clusiaceae","Garcinia pancheri","Pierre"
"Clusiaceae","Garcinia pedicellata","(G.Forst.) Seem."
"Clusiaceae","Garcinia puat","(Montrouz.) Guillaumin"
"Clusiaceae","Garcinia vieillardii","Pierre"
"Clusiaceae","Garcinia virgata","Vieill. ex Guillaumin"
"Clusiaceae","Montrouziera cauliflora","Planch. & Triana"
"Clusiaceae","Montrouziera gabriellae","Baill."
"Clusiaceae","Montrouziera sphaeroidea","Pancher ex Planch. & Triana"
"Combretaceae","Lumnitzera littorea","(Jack) Voigt"
"Combretaceae","Lumnitzera racemosa","Willd."
"Combretaceae","Terminalia catappa","L."
"Combretaceae","Terminalia cherrieri","MacKee"
"Combretaceae","Terminalia novocaledonica","Däniker"
"Cornaceae","Alangium salviifolium","(L.f.) Wangerin"
"Cornaceae","Alangium vitiense","(A.Gray) Baill. ex Harms"
"Corynocarpaceae","Corynocarpus dissimilis","Hemsl."
"Cunoniaceae","Codia albicans","Vieill. ex Pamp."
"Cunoniaceae","Codia albifrons","(Brongn. ex Schinz & Guillaumin) Baker f."
"Cunoniaceae","Codia belepensis","H.C.Hopkins"
"Cunoniaceae","Codia discolor","(Brongn. & Griseb) Guillaumin"
"Cunoniaceae","Codia ferruginea","Brongn. & Gris"
"Cunoniaceae","Codia incrassata","Pamp."
"Cunoniaceae","Codia jaffrei","H.C.Hopkins & Fogliani"
"Cunoniaceae","Codia mackeeana","H.C.Hopkins & Fogliani"
"Cunoniaceae","Codia montana","J.R.Forst. & G.Forst."
"Cunoniaceae","Codia nitida","Schltr."
"Cunoniaceae","Codia spatulata","Brongn. & Gris"
"Cunoniaceae","Codia triverticillata","H.C.Hopkins & Pillon"
"Cunoniaceae","Cunonia aoupiniensis","Hoogland"
"Cunoniaceae","Cunonia atrorubens","Schltr."
"Cunoniaceae","Cunonia austrocaledonica","Brongn. ex Guillaumin"
"Cunoniaceae","Cunonia balansae","Brongn. & Gris"
"Cunoniaceae","Cunonia bopopensis","Pillon & H.C.Hopkins"
"Cunoniaceae","Cunonia bullata","Brongn. & Gris"
"Cunoniaceae","Cunonia cerifera","Hoogland"
"Cunoniaceae","Cunonia deplanchei","Brongn. & Gris"
"Cunoniaceae","Cunonia lenormandii","Vieill. ex Brongn. & Gris"
"Cunoniaceae","Cunonia linearisepala","(Guillaumin) Bernardi"
"Cunoniaceae","Cunonia montana","(Brongn. & Gris) Schltr."
"Cunoniaceae","Cunonia pterophylla","(Brongn. & Gris) Schltr."
"Cunoniaceae","Cunonia pulchella","Brongn. & Gris"
"Cunoniaceae","Cunonia purpurea","Brongn. & Gris"
"Cunoniaceae","Cunonia rotundifolia","Däniker"
"Cunoniaceae","Cunonia varijuga","Hoogland"
"Cunoniaceae","Cunonia vieillardii","Brongn. & Gris"
"Cunoniaceae","Geissois balansae","Brongn. & Gris ex Guillaumin"
"Cunoniaceae","Geissois belema","Pillon & H.C.Hopkins"
"Cunoniaceae","Geissois bradfordii","H.C.Hopkins"
"Cunoniaceae","Geissois hippocastaneifolia","Guillaumin"
"Cunoniaceae","Geissois hirsuta","Brongn. & Gris"
"Cunoniaceae","Geissois lanceolata","(Guillaumin) H.C.Hopkins"
"Cunoniaceae","Geissois magnifica","Baker f."
"Cunoniaceae","Geissois montana","Vieill. ex Brongn. & Gris"
"Cunoniaceae","Geissois polyphylla","Lecard ex Guillaumin"
"Cunoniaceae","Geissois pruinosa","Brongn. & Gris"
"Cunoniaceae","Geissois racemosa","Labill."
"Cunoniaceae","Geissois trifoliolata","Guillaumin"
"Cunoniaceae","Geissois velutina","Guillaumin ex H.C.Hopkins"
"Cunoniaceae","Hooglandia ignambiensis","McPherson & Lowry"
"Cunoniaceae","Pancheria alaternoides","Brongn. & Gris"
"Cunoniaceae","Pancheria beauverdiana","Pamp."
"Cunoniaceae","Pancheria billardierei","(D. Don) Pamp."
"Cunoniaceae","Pancheria brunhesii","Pamp."
"Cunoniaceae","Pancheria calophylla","Guillaumin"
"Cunoniaceae","Pancheria confusa","Guillaumin"
"Cunoniaceae","Pancheria dognyensis","H.C.Hopkins, Pillon & J.Bradford"
"Cunoniaceae","Pancheria engleriana","Schltr."
"Cunoniaceae","Pancheria gatopensis","Vieill. ex Guillaumin"
"Cunoniaceae","Pancheria hirsuta","Vieill. ex Pamp."
"Cunoniaceae","Pancheria humboldtiana","Guillaumin"
"Cunoniaceae","Pancheria mcphersonii","H.C.Hopkins, Pillon & J.Bradford"
"Cunoniaceae","Pancheria multijuga","Guillaumin ex H.C.Hopkins & J.Bradford"
"Cunoniaceae","Pancheria phillyreoides","Brongn. & Gris ex Guillaumin"
"Cunoniaceae","Pancheria reticulata","Guillaumin"
"Cunoniaceae","Pancheria robusta","Guillaumin"
"Cunoniaceae","Pancheria ternata","Brongn. & Gris"
"Cunoniaceae","Pancheria xaragurensis","H.C.Hopkins & Pillon"
"Cunoniaceae","Spiraeanthemum brongniartianum","Schltr."
"Cunoniaceae","Spiraeanthemum collinum","(Hoogland) Pillon"
"Cunoniaceae","Spiraeanthemum ellipticum","Vieill. ex Pamp."
"Cunoniaceae","Spiraeanthemum meridionale","(Hoogland) Pillon"
"Cunoniaceae","Spiraeanthemum pedunculatum","Schltr."
"Cunoniaceae","Spiraeanthemum pubescens","Pamp."
"Cunoniaceae","Weinmannia dichotoma","Brongn. & Gris"
"Cunoniaceae","Weinmannia ouaiemensis","(Guillaumin & Virot) Hoogland"
"Cunoniaceae","Weinmannia paitensis","Schltr."
"Cunoniaceae","Weinmannia serrata","Brongn. & Gris"
"Cupressaceae","Callitris neocaledonica","Dümmer"
"Cupressaceae","Callitris pancheri","(Carrière) Byng"
"Cupressaceae","Callitris sulcata","(Parl.) Schltr."
"Cupressaceae","Libocedrus austrocaledonica","Brongn. & Gris."
"Cupressaceae","Libocedrus chevalieri","J.Buchholz"
"Cupressaceae","Libocedrus yateensis","Guillaumin"
"Cycadaceae","Cycas seemannii","A.Braun"
"Dilleniaceae","Hibbertia baudouinii","Brongn. & Gris"
"Dilleniaceae","Hibbertia bouletii","Veillon"
"Dilleniaceae","Hibbertia comptonii","Baker f."
"Dilleniaceae","Hibbertia deplancheana","Bureau ex Guillaumin"
"Dilleniaceae","Hibbertia ebracteata","Bureau ex Guillaumin"
"Dilleniaceae","Hibbertia emarginata","Guillaumin"
"Dilleniaceae","Hibbertia favieri","Veillon"
"Dilleniaceae","Hibbertia heterotricha","Bureau ex Guillaumin"
"Dilleniaceae","Hibbertia lanceolata","Bureau ex Guillaumin"
"Dilleniaceae","Hibbertia lucens","Brongn. & Gris"
"Dilleniaceae","Hibbertia margaretae","Veillon"
"Dilleniaceae","Hibbertia moratii","Veillon"
"Dilleniaceae","Hibbertia nana","Däniker"
"Dilleniaceae","Hibbertia pancheri","(Brongn. & Gris) Briq."
"Dilleniaceae","Hibbertia patula","Guillaumin"
"Dilleniaceae","Hibbertia podocarpifolia","Schltr."
"Dilleniaceae","Hibbertia pulchella","(Brongn. & Gris) Schltr."
"Dilleniaceae","Hibbertia rubescens","Vieill. ex Guillaumin"
"Dilleniaceae","Hibbertia tontoutensis","Guillaumin"
"Dilleniaceae","Hibbertia trachyphylla","Schltr."
"Dilleniaceae","Hibbertia vieillardii","Gilg"
"Dilleniaceae","Hibbertia wagapii","Gilg"
"Ebenaceae","Diospyros balansae","Guillaumin"
"Ebenaceae","Diospyros brassica","F.White"
"Ebenaceae","Diospyros calciphila","F.White"
"Ebenaceae","Diospyros cherrieri","F.White"
"Ebenaceae","Diospyros fasciculosa","(F.Muell.) F.Muell."
"Ebenaceae","Diospyros flavocarpa","(Vieill. ex P.Parm.) F.White"
"Ebenaceae","Diospyros glans","F.White"
"Ebenaceae","Diospyros hebecarpa","A.Cunn. ex Benth."
"Ebenaceae","Diospyros impolita","F.White"
"Ebenaceae","Diospyros labillardierei","F.White"
"Ebenaceae","Diospyros macrocarpa","Hiern"
"Ebenaceae","Diospyros margaretae","F.White"
"Ebenaceae","Diospyros minimifolia","F.White"
"Ebenaceae","Diospyros oubatchensis","Kosterm."
"Ebenaceae","Diospyros pancheri","Kosterm."
"Ebenaceae","Diospyros parviflora","(Schltr.) Bakh."
"Ebenaceae","Diospyros perplexa","F.White"
"Ebenaceae","Diospyros pustulata","F.White"
"Ebenaceae","Diospyros revolutissima","F.White"
"Ebenaceae","Diospyros rufotomentosa","G.E.Schatz & Lowry"
"Ebenaceae","Diospyros tireliae","F.White"
"Ebenaceae","Diospyros tridentata","F.White"
"Ebenaceae","Diospyros trisulca","F.White"
"Ebenaceae","Diospyros umbrosa","F.White"
"Ebenaceae","Diospyros veillonii","F.White"
"Ebenaceae","Diospyros vieillardii","(Hiern) Kosterm."
"Ebenaceae","Diospyros yaouhensis","(Schltr.) Kosterm."
"Elaeocarpaceae","Dubouzetia acuminata","Sprague"
"Elaeocarpaceae","Dubouzetia campanulata","Pancher ex Brongn. & Gris"
"Elaeocarpaceae","Dubouzetia caudiculata","Sprague"
"Elaeocarpaceae","Dubouzetia confusa","Guillaumin & Virot"
"Elaeocarpaceae","Dubouzetia elegans","Brongn. & Gris"
"Elaeocarpaceae","Elaeocarpus alaternoides","Brongn. & Gris"
"Elaeocarpaceae","Elaeocarpus baudouinii","Brogon. & Gris"
"Elaeocarpaceae","Elaeocarpus biflorus","Tirel"
"Elaeocarpaceae","Elaeocarpus brachypodus","Guillaumin"
"Elaeocarpaceae","Elaeocarpus bullatus","Tirel"
"Elaeocarpaceae","Elaeocarpus castaneifolius","Guillaumin"
"Elaeocarpaceae","Elaeocarpus colnettianus","Guillaumin"
"Elaeocarpaceae","Elaeocarpus comptonii","Baker f."
"Elaeocarpaceae","Elaeocarpus coumbouiensis","Guillaumin"
"Elaeocarpaceae","Elaeocarpus dognyensis","Guillaumin"
"Elaeocarpaceae","Elaeocarpus geminiflorus","Brongn. & Gris"
"Elaeocarpaceae","Elaeocarpus gordonii","Tirel"
"Elaeocarpaceae","Elaeocarpus guillaumii","Vieill."
"Elaeocarpaceae","Elaeocarpus gummatus","Guillaumin"
"Elaeocarpaceae","Elaeocarpus hortensis","Guillaumin"
"Elaeocarpaceae","Elaeocarpus kaalensis","Däniker"
"Elaeocarpaceae","Elaeocarpus leratii","Schltr."
"Elaeocarpaceae","Elaeocarpus moratii","Tirel"
"Elaeocarpaceae","Elaeocarpus nodosus","Baker f."
"Elaeocarpaceae","Elaeocarpus ovigerus","Brongn. & Gris"
"Elaeocarpaceae","Elaeocarpus rotundifolius","Brongn. & Gris"
"Elaeocarpaceae","Elaeocarpus seringii","Montrouz."
"Elaeocarpaceae","Elaeocarpus speciosus","Brongn. & Gris"
"Elaeocarpaceae","Elaeocarpus toninensis","Baker f."
"Elaeocarpaceae","Elaeocarpus tremulus","Tirel & McPherson"
"Elaeocarpaceae","Elaeocarpus vieillardii","Brongn. & Gris"
"Elaeocarpaceae","Elaeocarpus weibelianus","Tirel"
"Elaeocarpaceae","Elaeocarpus yateensis","Guillaumin"
"Elaeocarpaceae","Sloanea haplopoda","(Guillaumin) A.C.Sm."
"Elaeocarpaceae","Sloanea koghiensis","Tirel"
"Elaeocarpaceae","Sloanea lepida","Tirel"
"Elaeocarpaceae","Sloanea magnifolia","Tirel"
"Elaeocarpaceae","Sloanea montana","(Labill.) A.C.Sm."
"Elaeocarpaceae","Sloanea ramiflora","Tirel"
"Elaeocarpaceae","Sloanea raynaliana","Tirel"
"Elaeocarpaceae","Sloanea suaveolens","Tirel"
"Ericaceae","Dracophyllum verticillatum","Labill."
"Ericaceae","Leucopogon cymbulae","Labill."
"Ericaceae","Leucopogon dammarifolius","Brongn. & Gris"
"Ericaceae","Leucopogon macrocarpus","Schltr."
"Ericaceae","Leucopogon pancheri","Brongn. & Gris"
"Ericaceae","Styphelia balansae","Virot"
"Erythroxylaceae","Erythroxylum novocaledonicum","O.E.Schulz"
"Escalloniaceae","Polyosma brachystachys","Schltr."
"Escalloniaceae","Polyosma discolor","Baill."
"Escalloniaceae","Polyosma leratii","Guillaumin"
"Escalloniaceae","Polyosma pancheriana","Baill."
"Escalloniaceae","Polyosma spicata","Baill."
"Escalloniaceae","Polyosma subintegrifolia","(Guill.) Pillon"
"Euphorbiaceae","Acalypha balansae","Guillaumin"
"Euphorbiaceae","Acalypha grandis","Benth."
"Euphorbiaceae","Acalypha pancheriana","Baill."
"Euphorbiaceae","Alphandia furfuracea","Baill."
"Euphorbiaceae","Alphandia resinosa","Baill."
"Euphorbiaceae","Baloghia alternifolia","Baill."
"Euphorbiaceae","Baloghia anisomera","Guillaumin"
"Euphorbiaceae","Baloghia balansae","(Baill.) Pax"
"Euphorbiaceae","Baloghia brongniartii","(Baill.) Pax"
"Euphorbiaceae","Baloghia buchholzii","Guillaumin"
"Euphorbiaceae","Baloghia bureavii","(Baill.) Schltr."
"Euphorbiaceae","Baloghia inophylla","(G.Forst.) P.S.Green"
"Euphorbiaceae","Baloghia montana","(Müll.Arg.) Pax"
"Euphorbiaceae","Baloghia pininsularis","Guillaumin"
"Euphorbiaceae","Baloghia pulchella","Schltr. ex Pax"
"Euphorbiaceae","Bocquillonia arborea","Airy Shaw"
"Euphorbiaceae","Bocquillonia codonostylis","(Baill.) Airy Shaw"
"Euphorbiaceae","Bocquillonia corneri","Bruy, Barrabé & Munzinger"
"Euphorbiaceae","Bocquillonia grandidens","Baill."
"Euphorbiaceae","Bocquillonia lucidula","Airy Shaw"
"Euphorbiaceae","Bocquillonia phenacostigma","Airy Shaw"
"Euphorbiaceae","Bocquillonia sessiliflora","Baill."
"Euphorbiaceae","Bocquillonia spicata","Baill."
"Euphorbiaceae","Claoxylon insulanum","Müll.Arg."
"Euphorbiaceae","Cleidion claoxyloides","Müll.Arg."
"Euphorbiaceae","Cleidion lasiophyllum","Pax & K.Hoffm."
"Euphorbiaceae","Cleidion lochmios","McPherson"
"Euphorbiaceae","Cleidion macarangoides","Guillaumin"
"Euphorbiaceae","Cleidion macrophyllum","Baill."
"Euphorbiaceae","Cleidion spathulatum","Baill."
"Euphorbiaceae","Cleidion veillonii","McPherson"
"Euphorbiaceae","Cleidion verticillatum","Baill."
"Euphorbiaceae","Cleidion vieillardii","Baill."
"Euphorbiaceae","Cocconerion balansae","Baill."
"Euphorbiaceae","Cocconerion minus","Baill."
"Euphorbiaceae","Codiaeum peltatum","(Labill.) P.S.Green"
"Euphorbiaceae","Croton insularis","Baill."
"Euphorbiaceae","Excoecaria agallocha","L."
"Euphorbiaceae","Fontainea pancheri","(Baill.) Heckel"
"Euphorbiaceae","Homalanthus nutans","(G.Forst.) Guill."
"Euphorbiaceae","Homalanthus repandus","Schltr."
"Euphorbiaceae","Homalanthus schlechteri","Pax & K.Hoffm."
"Euphorbiaceae","Macaranga alchorneoides","Pax & Lingelsh."
"Euphorbiaceae","Macaranga coriacea","(Baill.) Müll.Arg."
"Euphorbiaceae","Macaranga corymbosa","(Müll.Arg.) Müll.Arg."
"Euphorbiaceae","Macaranga vedeliana","(Baill.) Müll.Arg."
"Euphorbiaceae","Macaranga vieillardii","(Müll.Arg.) Müll.Arg."
"Euphorbiaceae","Mallotus repandus","(Rottler) Müll.Arg."
"Euphorbiaceae","Neoguillauminia cleopatra","(Baill.) Croizat"
"Fabaceae","Acacia simplex","(Sparrm.) Pedley"
"Fabaceae","Acacia spirorbis","Labill."
"Fabaceae","Albizia guillainii","Guillaumin"
"Fabaceae","Archidendropsis fournieri","(Vieill.) I.C.Nielsen"
"Fabaceae","Archidendropsis fulgens","(Labill.) I.C.Nielsen"
"Fabaceae","Archidendropsis glandulosa","(Guillaumin) I.C.Nielsen"
"Fabaceae","Archidendropsis granulosa","(Labill.) I.C.Nielsen"
"Fabaceae","Archidendropsis lentiscifolia","(Benth.) I.C.Nielsen"
"Fabaceae","Archidendropsis macradenia","(Harms) I.C.Nielsen"
"Fabaceae","Archidendropsis paivana","(E.Fourn.) I.C.Nielsen"
"Fabaceae","Archidendropsis streptocarpa","(E.Fourn.) I.C.Nielsen"
"Fabaceae","Arthroclianthus maximus","Schindl."
"Fabaceae","Cassia artensis","Beauvis."
"Fabaceae","Castanospermum australe","A.Cunn. ex Mudie"
"Fabaceae","Cynometra ramiflora","L."
"Fabaceae","Dendrolobium arbuscula","(Domin) H.Ohashi"
"Fabaceae","Dendrolobium umbellatum","(L.) Benth."
"Fabaceae","Erythrina fusca","Lour."
"Fabaceae","Erythrina variegata","L."
"Fabaceae","Intsia bijuga","(Colebr.) Kuntze"
"Fabaceae","Mezoneuron baudouinii","Guillaumin"
"Fabaceae","Mezoneuron montrouzieri","Guillaumin"
"Fabaceae","Schleinitzia insularum","(Guill.) Burkart"
"Fabaceae","Serianthes calycina","Benth."
"Fabaceae","Serianthes germainii","Guillaumin"
"Fabaceae","Serianthes lifouensis","(Fosberg) I.C.Nielsen"
"Fabaceae","Serianthes margaretae","I.C.Nielsen"
"Fabaceae","Serianthes petitiana","Guillaumin"
"Fabaceae","Serianthes sachetae","Fosberg"
"Fabaceae","Sesbania coccinea","(L.f.) Poir."
"Fabaceae","Sophora tomentosa","L."
"Fabaceae","Storckiella neocaledonica","I.C.Nielsen, Labat & Munzinger"
"Fabaceae","Storckiella pancheri","Baill."
"Gentianaceae","Fagraea berteroana","A.Gray ex Benth."
"Gesneriaceae","Coronanthera pancheri","C.B.Clarke"
"Gesneriaceae","Coronanthera sericea","C.B.Clarke"
"Gesneriaceae","Depanthus glaber","(C.B.Clarke) S.Moore"
"Gesneriaceae","Depanthus pubescens","Guillaumin"
"Goodeniaceae","Scaevola balansae","Guillaumin"
"Goodeniaceae","Scaevola coccinea","Däniker"
"Goodeniaceae","Scaevola cylindrica","Schltr. & K.Krause"
"Goodeniaceae","Scaevola erosa","Guillaumin ex I.H.Müll."
"Goodeniaceae","Scaevola macropyrena","I.H.Müll."
"Hernandiaceae","Gyrocarpus americanus","Jacq."
"Hernandiaceae","Hernandia cordigera","Vieill."
"Hernandiaceae","Hernandia nymphaeifolia","(C.Presl) Kubitzki"
"Lamiaceae","Gmelina evoluta","(Däniker) Mabb."
"Lamiaceae","Gmelina lignum-vitreum","Guillaumin"
"Lamiaceae","Gmelina magnifica","Mabb."
"Lamiaceae","Gmelina neocaledonica","S.Moore"
"Lamiaceae","Oxera baladica","Vieill."
"Lamiaceae","Oxera coriacea","Dubard"
"Lamiaceae","Oxera rugosa","Guillaumin"
"Lamiaceae","Oxera sessilifolia","Dubard"
"Lamiaceae","Oxera sulfurea","Dubard"
"Lamiaceae","Premna serratifolia","L."
"Lamiaceae","Vitex trifolia","L."
"Lauraceae","Beilschmiedia neocaledonica","Kosterm."
"Lauraceae","Beilschmiedia oreophila","Schltr."
"Lauraceae","Cryptocarya aristata","Kosterm."
"Lauraceae","Cryptocarya bitriplinervia","Kosterm."
"Lauraceae","Cryptocarya chartacea","Kosterm."
"Lauraceae","Cryptocarya elliptica","Schltr."
"Lauraceae","Cryptocarya gracilis","Schltr."
"Lauraceae","Cryptocarya guillauminii","Kosterm."
"Lauraceae","Cryptocarya leptospermoides","Kosterm."
"Lauraceae","Cryptocarya lifuensis","Guillaumin"
"Lauraceae","Cryptocarya longifolia","Kosterm."
"Lauraceae","Cryptocarya mackeei","Kosterm."
"Lauraceae","Cryptocarya macrocarpa","Guillaumin"
"Lauraceae","Cryptocarya macrodesme","Schltr."
"Lauraceae","Cryptocarya odorata","Guillaumin"
"Lauraceae","Cryptocarya oubatchensis","Schltr."
"Lauraceae","Cryptocarya phyllostemon","Kosterm."
"Lauraceae","Cryptocarya pluricostata","Kosterm."
"Lauraceae","Cryptocarya schmidii","Kosterm."
"Lauraceae","Cryptocarya transversa","Kosterm."
"Lauraceae","Cryptocarya velutinosa","Kosterm."
"Lauraceae","Endiandra artensis","Munzinger & McPherson"
"Lauraceae","Endiandra baillonii","(Pancher & Sebert) Guillaumin"
"Lauraceae","Endiandra lecardii","Guillaumin"
"Lauraceae","Endiandra neocaledonica","Kosterm."
"Lauraceae","Endiandra polyneura","Schltr."
"Lauraceae","Endiandra sebertii","Guillaumin"
"Lauraceae","Litsea imbricata","Guillaumin"
"Lauraceae","Litsea neocaledonica","S.Moore"
"Lauraceae","Litsea pentaflora","Guillaumin"
"Lauraceae","Litsea ripidion","Guillaumin"
"Lauraceae","Litsea spathuliformis","Munzinger & McPherson"
"Lauraceae","Litsea triflora","Guillaumin"
"Lauraceae","Litsea uniflora","Guillaumin"
"Lecythidaceae","Barringtonia asiatica","(L.) Kurz"
"Lecythidaceae","Barringtonia integrifolia","(Montrouz.) Schltr."
"Lecythidaceae","Barringtonia longifolia","Schltr."
"Lecythidaceae","Barringtonia neocaledonica","Vieill."
"Lecythidaceae","Barringtonia racemosa","(L.) Spreng."
"Linaceae","Hugonia penicillanthemum","Baill. ex Pancher & Sebert"
"Loganiaceae","Geniostoma balansanum","Baill."
"Loganiaceae","Geniostoma celastrineum","Baill."
"Loganiaceae","Geniostoma densiflorum","Baill."
"Loganiaceae","Geniostoma erythrospermum","Baill."
"Loganiaceae","Geniostoma glaucescens","Schltr."
"Loganiaceae","Geniostoma mooreanum","B.J.Conn"
"Loganiaceae","Geniostoma novae-caledoniae","Vieill. ex Baill."
"Loganiaceae","Geniostoma rupestre","J.R.Forst. & G.Forst."
"Loganiaceae","Geniostoma vestitum","Baill."
"Loganiaceae","Neuburgia novocaledonica","(Gilg & Gilg-Ben.) Molina, J. E. & Struwe"
"Lythraceae","Pemphis acidula","J.R.Forst. & G.Forst."
"Lythraceae","Sonneratia alba","Sm."
"Lythraceae","Sonneratia caseolaris","(L.) Engl."
"Malpighiaceae","Acridocarpus austrocaledonicus","Baill."
"Malvaceae","Acropogon aoupiniensis","Morat"
"Malvaceae","Acropogon austrocaledonicus","(Hook.) Morat"
"Malvaceae","Acropogon bosseri","Morat & Chalopin"
"Malvaceae","Acropogon bullatus","(Pancher & Sebert) Morat"
"Malvaceae","Acropogon calcicolus","Morat & Chalopin"
"Malvaceae","Acropogon chalopiniae","Morat"
"Malvaceae","Acropogon domatifer","Morat"
"Malvaceae","Acropogon dzumacensis","(Guillaumin) Morat"
"Malvaceae","Acropogon fatsioides","Schltr."
"Malvaceae","Acropogon francii","(Guillaumin) Morat"
"Malvaceae","Acropogon grandiflorus","Morat & Chalopin"
"Malvaceae","Acropogon horarius","Gâteblé & Munzinger"
"Malvaceae","Acropogon jaffrei","Morat & Chalopin"
"Malvaceae","Acropogon macrocarpus","Morat & Chalopin"
"Malvaceae","Acropogon margaretae","Morat & Chalopin"
"Malvaceae","Acropogon megaphyllus","(Bureau & Poiss. ex Guillaumin)"
"Malvaceae","Acropogon merytifolius","Morat & Chalopin"
"Malvaceae","Acropogon mesophilus","Munzinger & Gâteblé"
"Malvaceae","Acropogon moratianus","Callm., Munzinger & Lowry"
"Malvaceae","Acropogon paagoumenensis","Morat & Chalopin"
"Malvaceae","Acropogon pilosus","Morat & Chalopin"
"Malvaceae","Acropogon sageniifolius","Schltr."
"Malvaceae","Acropogon schefflerifolius","(Guillaumin) Morat"
"Malvaceae","Acropogon schistophilus","Morat & Chalopin"
"Malvaceae","Acropogon schumannianus","Schltr."
"Malvaceae","Acropogon tireliae","Morat & Chalopin"
"Malvaceae","Acropogon veillonii","Morat"
"Malvaceae","Grewia crenata","(J.R.Forst. & G.Forst.) Schinz & Guillaumin"
"Malvaceae","Heritiera littoralis","Aiton"
"Malvaceae","Hibiscus tiliaceus","L."
"Malvaceae","Maxwellia lepidota","Baill."
"Malvaceae","Melochia odorata","L.f."
"Malvaceae","Trichospermum inmac","(Guillaumin) Burret"
"Meliaceae","Aglaia elaeagnoidea","(A.Juss.) Benth."
"Meliaceae","Anthocarapa nitidula","(Benth.) T.D.Penn. ex Mabb."
"Meliaceae","Didymocheton canalensis","(Baill.) Holzmeyer & Mabb."
"Meliaceae","Didymocheton kouiriensis","(Virot) Mabb."
"Meliaceae","Didymocheton macranthus","(C.DC.) Harms"
"Meliaceae","Didymocheton macrostachyus","(C.DC.) Mabb."
"Meliaceae","Didymocheton minutiflorus","(Baill.) Holzmeyer & Mabb."
"Meliaceae","Didymocheton pachypodus","(Baill.) Harms"
"Meliaceae","Didymocheton roseus","(Baill.) Holzmeyer & Mabb."
"Meliaceae","Didymocheton rufescens","(Vieill. ex Pancher & Sebert) Harms"
"Meliaceae","Dysoxylum bijugum","(Labill.) Seem."
"Meliaceae","Xylocarpus granatum","J.Koenig"
"Meliaceae","Xylocarpus rumphii","(Kostel.) Mabb."
"Metteniusaceae","Apodytes clusiifolia","(Baill.) Villiers"
"Monimiaceae","Hedycarya baudouinii","Baill."
"Monimiaceae","Hedycarya chrysophylla","G.Perkins"
"Monimiaceae","Hedycarya cupulata","Baill."
"Monimiaceae","Hedycarya engleriana","S.Moore"
"Monimiaceae","Hedycarya erythrocarpa","G.Perkins"
"Monimiaceae","Hedycarya parvifolia","G.Perkins & Schltr."
"Monimiaceae","Hedycarya symplocoides","S.Moore"
"Monimiaceae","Kibaropsis caledonica","(Guillaumin) Jérémie"
"Moraceae","Ficus asperula","Bureau"
"Moraceae","Ficus auriculigera","Bureau"
"Moraceae","Ficus austrocaledonica","Bureau"
"Moraceae","Ficus barraui","Guillaumin"
"Moraceae","Ficus cataractorum","Vieill. ex Bureau"
"Moraceae","Ficus crescentioides","Bureau"
"Moraceae","Ficus dzumacensis","Guillaumin"
"Moraceae","Ficus fraseri","Miq."
"Moraceae","Ficus habrophylla","G.Benn. ex Seem."
"Moraceae","Ficus heteroselis","Bureau"
"Moraceae","Ficus hurlimannii","Guillaumin"
"Moraceae","Ficus leiocarpa","(Bureau) Warb."
"Moraceae","Ficus lifouensis","Corner"
"Moraceae","Ficus maialis","Guillaumin"
"Moraceae","Ficus microtophora","Corner"
"Moraceae","Ficus mutabilis","Bureau"
"Moraceae","Ficus nitidifolia","Bureau"
"Moraceae","Ficus obliqua","G.Forst."
"Moraceae","Ficus otophora","Corner & Guillaumin"
"Moraceae","Ficus otophoroides","Corner"
"Moraceae","Ficus pancheriana","Bureau"
"Moraceae","Ficus prolixa","G.Forst."
"Moraceae","Ficus pteroporum","Guillaumin"
"Moraceae","Ficus racemigera","Bureau"
"Moraceae","Ficus scabra","G.Forst."
"Moraceae","Ficus tinctoria","G.Forst."
"Moraceae","Ficus versicolor","Bureau"
"Moraceae","Ficus vieillardiana","Bureau"
"Moraceae","Ficus virgata","Reinw. ex Blume"
"Moraceae","Ficus webbiana","(Miq.) Miq."
"Moraceae","Paratrophis sclerophylla","(Corner) E.M.Gardner"
"Moraceae","Sparattosyce balansae","A.G.Richt. ex Guillaumin"
"Moraceae","Sparattosyce dioica","Bureau"
"Myodocarpaceae","Delarbrea balansae","(Baill.) Lowry & G.M.Plunkett"
"Myodocarpaceae","Delarbrea collina","Vieill."
"Myodocarpaceae","Delarbrea harmsii","R.Vig."
"Myodocarpaceae","Delarbrea longicarpa","R.Vig."
"Myodocarpaceae","Delarbrea montana","R.Vig."
"Myodocarpaceae","Delarbrea paradoxa","Vieill."
"Myodocarpaceae","Myodocarpus crassifolius","Dubard & R.Vig."
"Myodocarpaceae","Myodocarpus fraxinifolius","Brongn. & Gris"
"Myodocarpaceae","Myodocarpus gracilis","(Dubard & R.Vig.) Lowry"
"Myodocarpaceae","Myodocarpus involucratus","Dubard & R.Vig."
"Myodocarpaceae","Myodocarpus lanceolatus","Dubard & R.Vig. ex Guillaumin"
"Myodocarpaceae","Myodocarpus pinnatus","Brongn. & Gris"
"Myodocarpaceae","Myodocarpus simplicifolius","Brongn. & Gris"
"Myodocarpaceae","Myodocarpus vieillardii","Brongn. & Gris"
"Myricaceae","Canacomyrica monticola","Guillaumin"
"Myrtaceae","Archirhodomyrtus turbinata","(Schltr.) Burret"
"Myrtaceae","Arillastrum gummiferum","(Brongn. & Gris) Pancher ex Baill."
"Myrtaceae","Cloezia artensis","(Montrouz.) P.S.Green"
"Myrtaceae","Cloezia floribunda","Brongn. & Gris"
"Myrtaceae","Eugenia balansae","Guillaumin"
"Myrtaceae","Eugenia brongniartiana","Guillaumin"
"Myrtaceae","Eugenia bullata","Pancher ex Guillaumin"
"Myrtaceae","Eugenia daaouiensis","Guillaumin"
"Myrtaceae","Eugenia daenikeri","Guillaumin"
"Myrtaceae","Eugenia gacognei","Montrouz."
"Myrtaceae","Eugenia grisiana","Guillaumin"
"Myrtaceae","Eugenia horizontalis","Pancher ex Brongn. & Gris"
"Myrtaceae","Eugenia hurlimannii","Guillaumin"
"Myrtaceae","Eugenia mackeeana","Guillaumin"
"Myrtaceae","Eugenia mendute","Guillaumin"
"Myrtaceae","Eugenia mouensis","Baker f."
"Myrtaceae","Eugenia noumeensis","Guillaumin"
"Myrtaceae","Eugenia ovigera","Brongn. & Gris"
"Myrtaceae","Eugenia paludosa","Pancher ex Brongn. & Gris"
"Myrtaceae","Eugenia poimbailensis","(Guillaumin) J.W.Dawson & N.Snow"
"Myrtaceae","Eugenia pterocarpa","Baill."
"Myrtaceae","Eugenia sarasinii","Guillaumin"
"Myrtaceae","Eugenia stricta","Pancher ex Brongn. & Gris"
"Myrtaceae","Eugenia styphelioides","(Schltr.) J.W.Dawson & N.Snow"
"Myrtaceae","Eugenia veillonii","N.Snow & Callm."
"Myrtaceae","Gossia alaternoides","(Brongn. & Gris) N.Snow"
"Myrtaceae","Gossia aphthosa","(Vieill. ex Brongn. & Gris) N.Snow"
"Myrtaceae","Gossia clusioides","(Brongn. & Gris) N.Snow"
"Myrtaceae","Gossia colnettiana","(Guillaumin) N.Snow"
"Myrtaceae","Gossia diversifolia","(Brongn. & Gris) N.Snow"
"Myrtaceae","Gossia kuakuensis","(Baker f.) N.Snow"
"Myrtaceae","Gossia nigripes","(Guillaumin) N.Snow"
"Myrtaceae","Gossia pancheri","(Brongn. & Gris) N.Snow"
"Myrtaceae","Gossia vieillardii","(Brongn. & Gris) N.Snow"
"Myrtaceae","Gossia virotii","(Guillaumin) N.Snow"
"Myrtaceae","Kanakomyrtus longipetiolata","N.Snow"
"Myrtaceae","Kanakomyrtus prominens","N.Snow"
"Myrtaceae","Kanakomyrtus revoluta","N.Snow"
"Myrtaceae","Melaleuca dawsonii","Craven"
"Myrtaceae","Melaleuca pancheri","(Brongn. & Gris) Craven & J.W.Dawson"
"Myrtaceae","Melaleuca quinquenervia","(Cav.) S.T.Blake"
"Myrtaceae","Metrosideros brevistylis","J.W.Dawson"
"Myrtaceae","Metrosideros cacuminum","J.W.Dawson"
"Myrtaceae","Metrosideros dolichandra","Schltr. ex Guillaumin"
"Myrtaceae","Metrosideros elegans","(Montrouz.) Beauvis."
"Myrtaceae","Metrosideros engleriana","Schltr."
"Myrtaceae","Metrosideros humboldtiana","Guillaumin"
"Myrtaceae","Metrosideros laurifolia","Brongn. & Gris"
"Myrtaceae","Metrosideros microphylla","(Schltr.) J.W.Dawson"
"Myrtaceae","Metrosideros nitida","Brongn. & Gris"
"Myrtaceae","Metrosideros operculata","Labill."
"Myrtaceae","Metrosideros oreomyrtus","Däniker"
"Myrtaceae","Metrosideros paniensis","J.W.Dawson"
"Myrtaceae","Metrosideros porphyrea","Schltr."
"Myrtaceae","Metrosideros punctata","J.W.Dawson"
"Myrtaceae","Metrosideros tardiflora","(J.W.Dawson) Pillon"
"Myrtaceae","Pleurocalyptus austrocaledonicus","(Guillaumin) J.W.Dawson"
"Myrtaceae","Pleurocalyptus pancheri","(Brongn. & Gris) J.W.Dawson"
"Myrtaceae","Rhodomyrtus locellata","(Guillaumin) Burret"
"Myrtaceae","Sannantha pinifolia","(Labill.) Peter G.Wilson"
"Myrtaceae","Sannantha virgata","(J.R.Forst. & G.Forst.) Peter G.Wilson"
"Myrtaceae","Syzygium acre","(Pancher ex Guillaumin) J.W.Dawson"
"Myrtaceae","Syzygium aggregatum","J.W.Dawson"
"Myrtaceae","Syzygium amieuense","(Guillaumin) J.W.Dawson"
"Myrtaceae","Syzygium aoupinianum","J.W.Dawson"
"Myrtaceae","Syzygium arboreum","(Baker f.) J.W.Dawson"
"Myrtaceae","Syzygium auriculatum","Brongn. & Gris"
"Myrtaceae","Syzygium austrocaledonicum","(Seem.) Guillaumin"
"Myrtaceae","Syzygium baladense","(Brongn. & Gris) J.W.Dawson"
"Myrtaceae","Syzygium balansae","(Guillaumin) J.W.Dawson"
"Myrtaceae","Syzygium baudouinii","(Brongn. & Gris) N.Snow, Byng & J.W.Dawson"
"Myrtaceae","Syzygium brachycalyx","(Baker f.) J.W.Dawson"
"Myrtaceae","Syzygium brevioperculatum","J.W.Dawson"
"Myrtaceae","Syzygium brevipes","(Brongn. & Gris) J.W.Dawson"
"Myrtaceae","Syzygium brongniartii","(Merr. & L.M.Perry) J.W.Dawson"
"Myrtaceae","Syzygium bullatum","(Brongn. & Gris) N.Snow & Byng"
"Myrtaceae","Syzygium capillaceum","(Brongn. & Gris) J.W.Dawson"
"Myrtaceae","Syzygium conceptionis","Guillaumin"
"Myrtaceae","Syzygium dawsonianum","N.Snow, S.L.Young & Callm."
"Myrtaceae","Syzygium deplanchei","(Guillaumin) J.W.Dawson"
"Myrtaceae","Syzygium francii","(Guillaumin) N.Snow, Byng & Munzinger"
"Myrtaceae","Syzygium frutescens","Brongn. & Gris"
"Myrtaceae","Syzygium guillauminii","J.W.Dawson"
"Myrtaceae","Syzygium ignambiense","(Baker f.) N.Snow & Byng"
"Myrtaceae","Syzygium koghianum","Petitm. & Bonati"
"Myrtaceae","Syzygium koumacense","J.W.Dawson"
"Myrtaceae","Syzygium lateriflorum","Brongn. & Gris"
"Myrtaceae","Syzygium lecardii","Guillaumin"
"Myrtaceae","Syzygium lifuanum","Däniker"
"Myrtaceae","Syzygium longifolium","(Brongn. & Gris) J.W.Dawson"
"Myrtaceae","Syzygium macranthum","Brongn. & Gris"
"Myrtaceae","Syzygium micans","Brongn. & Gris"
"Myrtaceae","Syzygium mouanum","Guillaumin"
"Myrtaceae","Syzygium multipetalum","Pancher ex Brongn. & Gris"
"Myrtaceae","Syzygium neocaledonicum","(Seem.) J.W.Dawson"
"Myrtaceae","Syzygium neoeugenioides","N.Snow, Byng & J.W.Dawson"
"Myrtaceae","Syzygium neolaurifolium","N.Snow & Byng"
"Myrtaceae","Syzygium pancheri","Brongn. & Gris"
"Myrtaceae","Syzygium paniense","(Baker f.) J.W.Dawson"
"Myrtaceae","Syzygium parvicarpum","J.W.Dawson"
"Myrtaceae","Syzygium poyanum","J.W.Dawson"
"Myrtaceae","Syzygium pseudomalaccense","(Vieill. ex Brongn. & Gris) Govaerts"
"Myrtaceae","Syzygium pterocalyx","Brongn. & Gris"
"Myrtaceae","Syzygium pterocarpum","(Vieill. ex Pancher & Sebert) Govaerts"
"Myrtaceae","Syzygium rhopalanthum","Schltr."
"Myrtaceae","Syzygium tenuiflorum","Brongn. & Gris"
"Myrtaceae","Syzygium toninense","(Baker f.) J.W.Dawson"
"Myrtaceae","Syzygium tontoutaense","J.W.Dawson"
"Myrtaceae","Syzygium tripetalum","Guillaumin"
"Myrtaceae","Syzygium veillonii","J.W.Dawson"
"Myrtaceae","Syzygium vieillardii","N.Snow, Callm. & Byng"
"Myrtaceae","Syzygium viriosum","Craven & J.W.Dawson"
"Myrtaceae","Syzygium virotii","J.W.Dawson"
"Myrtaceae","Syzygium wagapense","Brongn. & Gris"
"Myrtaceae","Tristaniopsis capitulata","Brongn. & Gris"
"Myrtaceae","Tristaniopsis guillainii","Vieill. ex Brongn. & Gris"
"Myrtaceae","Tristaniopsis lucida","J.W.Dawson"
"Myrtaceae","Tristaniopsis minutiflora","J.W.Dawson"
"Myrtaceae","Tristaniopsis polyandra","(Guillaumin) Peter G.Wilson & J.T.Waterh."
"Myrtaceae","Tristaniopsis reticulata","J.W.Dawson"
"Myrtaceae","Tristaniopsis vieillardii","Brongn. & Gris"
"Myrtaceae","Uromyrtus artensis","(Montrouz.) Burret"
"Myrtaceae","Uromyrtus billardierei","(Seem.) A.J.Scott"
"Myrtaceae","Uromyrtus curvipes","(Gand.) Burret"
"Myrtaceae","Uromyrtus emarginata","(Pancher ex Baker f.) Burret"
"Myrtaceae","Uromyrtus gomonenensis","(Guillaumin) Burret"
"Myrtaceae","Uromyrtus neomyrtoides","Burret"
"Myrtaceae","Uromyrtus ngoyensis","(Schltr.) Burret"
"Myrtaceae","Uromyrtus paulotchensis","(Guillaumin) Burret"
"Myrtaceae","Uromyrtus supraaxillaris","(Guillaumin) Burret"
"Myrtaceae","Uromyrtus thymifolia","(Pancher ex Guillaumin) Burret"
"Myrtaceae","Xanthomyrtus kanalaensis","(Hochr.) N.Snow"
"Myrtaceae","Xanthostemon aurantiacus","(Brongn. & Gris) Schltr."
"Myrtaceae","Xanthostemon carlii","J.W.Dawson"
"Myrtaceae","Xanthostemon ferrugineus","J.W.Dawson"
"Myrtaceae","Xanthostemon glaucus","Pamp."
"Myrtaceae","Xanthostemon grisei","Guillaumin"
"Myrtaceae","Xanthostemon laurinus","(Pamp.) Guillaumin"
"Myrtaceae","Xanthostemon macrophyllus","Pamp."
"Myrtaceae","Xanthostemon multiflorus","(Montrouz.) Beauvis."
"Myrtaceae","Xanthostemon pubescens","(Brongn. & Gris) Sebert & Pancher"
"Myrtaceae","Xanthostemon ruber","(Brongn. & Gris) Sebert & Pancher"
"Myrtaceae","Xanthostemon sebertii","Guillaumin"
"Myrtaceae","Xanthostemon sulfureus","Guillaumin"
"Myrtaceae","Xanthostemon velutinus","(Gugerli) J.W.Dawson"
"Myrtaceae","Xanthostemon vieillardii","(Brongn. & Gris) Nied."
"Nothofagaceae","Nothofagus aequilateralis","(Baum.-Bod.) Steenis"
"Nothofagaceae","Nothofagus balansae","(Baill.) Steenis"
"Nothofagaceae","Nothofagus baumanniae","(Baum.-Bod.) Steenis"
"Nothofagaceae","Nothofagus codonandra","(Baill.) Steenis"
"Nothofagaceae","Nothofagus discoidea","(Baum.-Bod.) Steenis"
"Nyctaginaceae","Ceodes artensis","(Montrouz.) E.F.S.Rossetto & Caraballo"
"Nyctaginaceae","Ceodes gigantocarpa","(Heimerl) E.F.S.Rossetto & Caraballo"
"Nyctaginaceae","Pisonia aculeata","L."
"Nyctaginaceae","Pisonia grandis","R.Br."
"Olacaceae","Olax hypoleuca","Baill."
"Olacaceae","Ximenia americana","L."
"Oleaceae","Chionanthus brachystachys","(Schltr.) P.S.Green"
"Oleaceae","Chionanthus pedunculatus","P.S.Green"
"Oleaceae","Olea paniculata","R.Br."
"Oleaceae","Osmanthus austrocaledonicus","(Vieill.) Knobl."
"Oleaceae","Osmanthus cymosus","(Guillaumin) P.S.Green"
"Oleaceae","Osmanthus monticola","(Schltr.) Knobl."
"Oncothecaceae","Oncotheca balansae","Baill."
"Oncothecaceae","Oncotheca humboldtiana","(Guillaumin) Morat & Veillon"
"Pandanaceae","Pandanus altissimus","(Brongn.) Solms"
"Pandanaceae","Pandanus balansae","(Brongn.) Solms"
"Pandanaceae","Pandanus bernardii","H. St. John ex Callm."
"Pandanaceae","Pandanus clandestinus","B.C.Stone"
"Pandanaceae","Pandanus dubius","Spreng."
"Pandanaceae","Pandanus globatus","H.St.John"
"Pandanaceae","Pandanus lacuum","H.St.John"
"Pandanaceae","Pandanus letocartiorum","Callm. & Buerki"
"Pandanaceae","Pandanus pancheri","(Brongn.) Balf.f."
"Pandanaceae","Pandanus recavisaxosus","H.St.John"
"Pandanaceae","Pandanus sphaerocephalus","Pancher ex Brongn."
"Pandanaceae","Pandanus tectorius","Parkinson ex Du Roi"
"Pandanaceae","Pandanus verecundus","B.C.Stone"
"Paracryphiaceae","Paracryphia alticola","(Schltr.) Steenis"
"Paracryphiaceae","Quintinia hyehenensis","Pillon & Hequet"
"Paracryphiaceae","Quintinia major","(Baill.) Schltr."
"Paracryphiaceae","Quintinia media","(Baill.) Guillaumin"
"Paracryphiaceae","Quintinia minor","(Baill.) Schltr."
"Paracryphiaceae","Quintinia sessiliflora","Pillon & Hequet"
"Paracryphiaceae","Sphenostemon balansae","Baill."
"Paracryphiaceae","Sphenostemon comptonii","Baker f."
"Paracryphiaceae","Sphenostemon oppositifolius","Hürl."
"Paracryphiaceae","Sphenostemon pachycladus","Baill."
"Paracryphiaceae","Sphenostemon thibaudii","Jérémie"
"Paracryphiaceae","Sphenostemon tireliae","Jérémie"
"Phellinaceae","Phelline barrierei","Barriera & Schlüssel"
"Phellinaceae","Phelline billardierei","Pancher ex Loes."
"Phellinaceae","Phelline brachyphylla","Baill."
"Phellinaceae","Phelline comosa","Labill."
"Phellinaceae","Phelline dumbeensis","Guillaumin"
"Phellinaceae","Phelline erubescens","Baill."
"Phellinaceae","Phelline gracilior","(Loes.) Barriera"
"Phellinaceae","Phelline lucida","Vieill. ex Baill."
"Phellinaceae","Phelline macrophylla","Baill."
"Phyllanthaceae","Antidesma messianianum","Guillaumin"
"Phyllanthaceae","Bischofia javanica","Blume"
"Phyllanthaceae","Breynia disticha","J.R.Forst. & G.Forst."
"Phyllanthaceae","Cleistanthus stipitatus","(Baill.) Müll.Arg."
"Phyllanthaceae","Phyllanthus billardierei","(Baill.) Müll.Arg."
"Phyllanthaceae","Phyllanthus calcicola","M.Schmid"
"Phyllanthaceae","Phyllanthus caledonicus","(Müll.Arg.) Müll.Arg."
"Phyllanthaceae","Phyllanthus caudatus","Müll.Arg."
"Phyllanthaceae","Phyllanthus ciccoides","Müll.Arg."
"Phyllanthaceae","Phyllanthus comptonii","S.Moore"
"Phyllanthaceae","Phyllanthus deplanchei","Müll.Arg."
"Phyllanthaceae","Phyllanthus kanalensis","Baill."
"Phyllanthaceae","Phyllanthus koghiensis","Guillaumin"
"Phyllanthaceae","Phyllanthus mangenotii","M.Schmid"
"Phyllanthaceae","Phyllanthus montrouzieri","Guillaumin"
"Phyllanthaceae","Phyllanthus polygynus","M.Schmid"
"Phyllanthaceae","Phyllanthus pterocladus","S.Moore"
"Phyllanthaceae","Phyllanthus tireliae","M.Schmid"
"Picrodendraceae","Austrobuxus brevipes","Airy Shaw"
"Picrodendraceae","Austrobuxus carunculatus","(Baill.) Airy Shaw"
"Picrodendraceae","Austrobuxus clusiaceus","(Baill.) Airy Shaw"
"Picrodendraceae","Austrobuxus cracens","McPherson"
"Picrodendraceae","Austrobuxus cuneatus","(Airy Shaw) Airy Shaw"
"Picrodendraceae","Austrobuxus mandjelicus","McPherson"
"Picrodendraceae","Austrobuxus montis-do","Airy Shaw"
"Picrodendraceae","Austrobuxus pauciflorus","Airy Shaw"
"Picrodendraceae","Austrobuxus rubiginosus","(Guillaumin) Airy Shaw"
"Picrodendraceae","Austrobuxus vieillardii","(Guillaumin) Airy Shaw"
"Picrodendraceae","Scagea depauperata","(Baill.) McPherson"
"Pittosporaceae","Pittosporum aliferum","Tirel & Veillon"
"Pittosporaceae","Pittosporum artense","Guillaumin"
"Pittosporaceae","Pittosporum bouletii","Veillon & Tirel"
"Pittosporaceae","Pittosporum brevispinum","Veillon & Tirel"
"Pittosporaceae","Pittosporum cherrieri","Tirel & Veillon"
"Pittosporaceae","Pittosporum coccineum","(Montr.) Beauvis."
"Pittosporaceae","Pittosporum collinum","Guillaumin"
"Pittosporaceae","Pittosporum deplanchei","Brongn. & Gris"
"Pittosporaceae","Pittosporum dzumacense","Guillaumin"
"Pittosporaceae","Pittosporum gatopense","Guillaumin"
"Pittosporaceae","Pittosporum gracile","Pancher ex Brongn. & Gris"
"Pittosporaceae","Pittosporum heckelii","Dubard"
"Pittosporaceae","Pittosporum hematomallum","Guillaumin"
"Pittosporaceae","Pittosporum leratii","Guillaumin"
"Pittosporaceae","Pittosporum letocartiorum","Veillon & Tirel"
"Pittosporaceae","Pittosporum mackeei","Tirel & Veillon"
"Pittosporaceae","Pittosporum malaxanii","Veillon & Tirel"
"Pittosporaceae","Pittosporum muricatum","Tirel & Veillon"
"Pittosporaceae","Pittosporum obovatum","Guillaumin"
"Pittosporaceae","Pittosporum oreophilum","Guillaumin"
"Pittosporaceae","Pittosporum ornatum","Tirel & Veillon"
"Pittosporaceae","Pittosporum oubatchense","Schltr."
"Pittosporaceae","Pittosporum pancheri","Brongn. & Gris"
"Pittosporaceae","Pittosporum paniense","Guillaumin"
"Pittosporaceae","Pittosporum poueboense","Guillaumin"
"Pittosporaceae","Pittosporum poumense","Guillaumin"
"Pittosporaceae","Pittosporum pronyense","Guillaumin"
"Pittosporaceae","Pittosporum scythophyllum","Schltr."
"Pittosporaceae","Pittosporum simsonii","Montrouz."
"Pittosporaceae","Pittosporum sylvaticum","Guillaumin"
"Pittosporaceae","Pittosporum tanianum","Veillon & Tirel"
"Pittosporaceae","Pittosporum verrucosum","Veillon & Tirel"
"Pittosporaceae","Pittosporum xanthanthum","Schltr."
"Podocarpaceae","Acmopyle pancheri","(Brongn. & Gris) Pilg."
"Podocarpaceae","Dacrycarpus vieillardii","(Parl.) de Laub."
"Podocarpaceae","Dacrydium araucarioides","Brongn. & Gris"
"Podocarpaceae","Dacrydium balansae","Brongn. & Gris"
"Podocarpaceae","Dacrydium guillauminii","J.Buchholz"
"Podocarpaceae","Dacrydium lycopodioides","Brongn. & Gris"
"Podocarpaceae","Falcatifolium taxoides","(Brongn. & Gris) de Laub."
"Podocarpaceae","Podocarpus longifoliolatus","Pilg."
"Podocarpaceae","Podocarpus lucienii","de Laub."
"Podocarpaceae","Podocarpus polyspermus","de Laub."
"Podocarpaceae","Podocarpus sylvestris","J.Buchholz"
"Podocarpaceae","Prumnopitys ferruginoides","(Compton) de Laub."
"Podocarpaceae","Retrophyllum comptonii","(J.Buchholz) C.N.Page"
"Podocarpaceae","Retrophyllum minus","(Carrière) C.N.Page"
"Primulaceae","Myrsine arborea","(M.Schmid) Ricketson & Pipoly"
"Primulaceae","Myrsine asymmetrica","(Mez) Ricketson & Pipoly"
"Primulaceae","Myrsine citrifolia","(Mez) Ricketson & Pipoly"
"Primulaceae","Myrsine diminuta","(Mez) Ricketson & Pipoly"
"Primulaceae","Myrsine discocarpa","(M.Schmid) Ricketson & Pipoly"
"Primulaceae","Myrsine lecardii","(Mez) Ricketson & Pipoly"
"Primulaceae","Myrsine memaoyaensis","(M.Schmid) Ricketson & Pipoly"
"Primulaceae","Myrsine modesta","(Mez) Ricketson & Pipoly"
"Primulaceae","Myrsine novocaledonica","(Mez) Ricketson & Pipoly"
"Primulaceae","Myrsine oblanceolata","(M.Schmid) Ricketson & Pipoly"
"Primulaceae","Myrsine ovicarpa","(M.Schmidt) Ricketson & Pipoly"
"Primulaceae","Myrsine parvicarpa","(M.Schmid) Ricketson & Pipoly"
"Primulaceae","Tapeinosperma campanula","Mez"
"Primulaceae","Tapeinosperma deflexum","Mez"
"Primulaceae","Tapeinosperma glandulosum","Guillaumin"
"Primulaceae","Tapeinosperma gracile","Mez"
"Primulaceae","Tapeinosperma minutum","Mez"
"Primulaceae","Tapeinosperma nectandroides","Mez"
"Primulaceae","Tapeinosperma nitidum","Mez"
"Primulaceae","Tapeinosperma oblongifolium","Mez"
"Primulaceae","Tapeinosperma pancheri","Mez"
"Primulaceae","Tapeinosperma poueboense","M. Schmid"
"Primulaceae","Tapeinosperma robustum","Mez"
"Primulaceae","Tapeinosperma rubidum","Mez"
"Primulaceae","Tapeinosperma vestitum","Mez"
"Primulaceae","Tapeinosperma vieillardii","Hook.f."
"Primulaceae","Tapeinosperma wagapense","Mez"
"Proteaceae","Beauprea asplenioides","Schltr."
"Proteaceae","Beauprea balansae","Brongn. & Gris"
"Proteaceae","Beauprea comptonii","S.Moore"
"Proteaceae","Beauprea filipes","Schltr."
"Proteaceae","Beauprea spathulifolia","Brongn. & Gris"
"Proteaceae","Garnieria spathulifolia","Brongn. & Gris"
"Proteaceae","Grevillea deplanchei","Brongn. & Gris"
"Proteaceae","Grevillea exul","Lindl."
"Proteaceae","Grevillea gillivrayi","Hook."
"Proteaceae","Grevillea meisneri","Montrouz."
"Proteaceae","Grevillea vuniana","Pillon"
"Proteaceae","Kermadecia brinoniae","H.C.Hopkins & Pillon"
"Proteaceae","Kermadecia pronyensis","(Guillaumin) Guillaumin"
"Proteaceae","Kermadecia rotundifolia","Brongn. & Gris"
"Proteaceae","Kermadecia sinuata","Brongn. & Gris"
"Proteaceae","Knightia deplanchei","Vieill. ex Brongn. & Gris"
"Proteaceae","Knightia strobilina","(Labill.) Virot"
"Proteaceae","Sleumerodendron austrocaledonicum","(Brongn. & Gris) Virot"
"Proteaceae","Stenocarpus comptonii","S.Moore"
"Proteaceae","Stenocarpus dumbeensis","Guillaumin"
"Proteaceae","Stenocarpus heterophyllus","Brongn. & Gris"
"Proteaceae","Stenocarpus milnei","Hook."
"Proteaceae","Stenocarpus tremuloides","Brongn. & Gris"
"Proteaceae","Stenocarpus trinervis","(Montrouz.) Guillaumin"
"Proteaceae","Stenocarpus umbelliferus","(J.R.Forst. & G.Forst.) Druce"
"Proteaceae","Stenocarpus villosus","Brongn. & Gris"
"Proteaceae","Virotia francii","(Guill.) P.H.Weston & A.R.Mast"
"Proteaceae","Virotia leptophylla","(Guillaumin) L.A.S. Johnson & B.G.Briggs"
"Proteaceae","Virotia neurophylla","(Guillaumin) P.H.Weston & A.R.Mast"
"Proteaceae","Virotia rousselii","(Vieill.) P.H. Weston & A.R. Mast"
"Proteaceae","Virotia vieillardii","(Brongn. & Gris) P.H.Weston & A.R.Mast"
"Putranjivaceae","Drypetes deplanchei","(Brongn. & Gris) Merr."
"Rhamnaceae","Alphitonia erubescens","Baill."
"Rhamnaceae","Emmenosperma pancherianum","Baill."
"Rhamnaceae","Jaffrea xerocarpa","(Baill.) H.C.Hopkins & Pillon"
"Rhamnaceae","Rhamnella vitiensis","(Benth.) A.C.Sm."
"Rhizophoraceae","Bruguiera gymnorhiza","(L.) Lam."
"Rhizophoraceae","Ceriops tagal","(Perr.) C.B.Rob."
"Rhizophoraceae","Crossostylis grandiflora","Brongn. & Gris"
"Rhizophoraceae","Crossostylis multiflora","Brongn. & Gris ex Pancher & Sebert"
"Rhizophoraceae","Crossostylis sebertii","Pancher ex Brongn. & Gris"
"Rhizophoraceae","Rhizophora apiculata","Blume"
"Rhizophoraceae","Rhizophora samoensis","(Hochr.) Salvoza"
"Rhizophoraceae","Rhizophora stylosa","Griff."
"Rubiaceae","Aidia congesta","(Schltr. & K.Krause) Ridsdale"
"Rubiaceae","Aidia vieillardii","(Baill.) Ridsdale"
"Rubiaceae","Atractocarpus bracteatus","Schltr. & K.Krause"
"Rubiaceae","Atractocarpus heterophyllus","(Montrouz.) Guillaumin & Beauvis."
"Rubiaceae","Atractocarpus pterocarpon","(Guillaumin) Puttock"
"Rubiaceae","Bikkia pancheri","(Brongn.) Guillaumin"
"Rubiaceae","Coelospermum fragrans","(Montrouz.) Baill. ex Guillaumin"
"Rubiaceae","Cyclophyllum merrillianum","Guillaumin"
"Rubiaceae","Cyclophyllum tenuipes","Guillaumin"
"Rubiaceae","Eumachia collina","(Labill.) Barrabé, C.M.Taylor & Razafim."
"Rubiaceae","Gardenia aubryi","Vieill."
"Rubiaceae","Gardenia colnettiana","Guillaumin"
"Rubiaceae","Gardenia mollis","Schltr."
"Rubiaceae","Gardenia oudiepe","Vieill."
"Rubiaceae","Guettarda artensis","Guillaumin"
"Rubiaceae","Guettarda baladensis","Guillaumin"
"Rubiaceae","Guettarda fusca","Pancher ex Baill."
"Rubiaceae","Guettarda glabrescens","(Schltr.) Guillaumin "
"Rubiaceae","Guettarda heterosepala","Guillaumin"
"Rubiaceae","Guettarda humboldtensis","Guillaumin"
"Rubiaceae","Guettarda hypolasia","Baill."
"Rubiaceae","Guettarda mephitica","Guillaumin"
"Rubiaceae","Guettarda ngoyensis","Schltr."
"Rubiaceae","Guettarda speciosa","L."
"Rubiaceae","Guettarda splendens","Baill."
"Rubiaceae","Guettarda trimera","Guillaumin"
"Rubiaceae","Guettarda vieillardii","Guillaumin"
"Rubiaceae","Guettarda wagapensis","Guillaumin"
"Rubiaceae","Guettardella ioensis","(Baill.) J.G.Chavez"
"Rubiaceae","Guettardella rhamnoides","(Baill.) J.G.Chavez"
"Rubiaceae","Gynochthodes decipiens","(Schltr.) Razafim. & B.Bremer"
"Rubiaceae","Ixora cauliflora","Montrouz."
"Rubiaceae","Ixora collina","(Montrouz.) Beauvis."
"Rubiaceae","Ixora comptonii","S.Moore"
"Rubiaceae","Ixora francii","Schltr. & K.Krause"
"Rubiaceae","Ixora margaretae","(N.Hallé) Mouly & B.Bremer"
"Rubiaceae","Ixora oligantha","Schltr. & K.Krause"
"Rubiaceae","Normandia neocaledonica","Hook.f."
"Rubiaceae","Pavetta opulina","(G.Forst.) DC."
"Rubiaceae","Psychotria ammericola","Guillaumin"
"Rubiaceae","Psychotria calothyrsa","(Baill.) Guillaumin"
"Rubiaceae","Psychotria canalensis","(Baill.) Guillaumin"
"Rubiaceae","Psychotria roseotincta","S.Moore"
"Rubiaceae","Psychotria schlechteriana","K.Krause"
"Rubiaceae","Psydrax odorata","(G.Forst.) A.C.Sm. & S.P.Darwin"
"Rubiaceae","Psydrax paradoxus","(Virot) Mouly"
"Rubiaceae","Randia nigricans","Schltr."
"Rubiaceae","Randia pseudoterminalis","Guillaumin"
"Rubiaceae","Randia sezitat","Guillaumin"
"Rubiaceae","Scyphiphora hydrophylacea","C.F.Gaertn."
"Rubiaceae","Tarenna sambucina","(G.Forst.) T.Durand ex Drake"
"Rubiaceae","Thiollierea lenormandii","(N.Hallé & Jérémie) Barrabé & Mouly"
"Rubiaceae","Thiollierea macrophylla","(Brongn.) Baum.-Bod."
"Rubiaceae","Thiollierea montana","(Vieill.) Paudyal & Delprete"
"Rubiaceae","Thiollierea pachyphylla","(Guillaumin) Barrabé & Mouly"
"Rubiaceae","Thiollierea rigaultii","Barrabé & Mouly"
"Rubiaceae","Timonius platycarpus","Montrouz."
"Rubiaceae","Tinadendron kajewskii","(Guillaumin) Achille"
"Rubiaceae","Tinadendron noumeanum","(Baill.) Achille"
"Rutaceae","Acronychia laevis","J.R.Forst. & G.Forst."
"Rutaceae","Citrus neocaledonica","Guillaumin"
"Rutaceae","Citrus oxanthera","Beauvis."
"Rutaceae","Citrus undulata","Guillaumin"
"Rutaceae","Comptonella baudouinii","(Baill.) T.G.Hartley"
"Rutaceae","Comptonella drupacea","(Labill.) Guillaumin"
"Rutaceae","Comptonella lactea","(Baker f.) T.G.Hartley"
"Rutaceae","Comptonella microcarpa","(G.Perkins) T.G.Hartley"
"Rutaceae","Comptonella oreophila","(Guillaumin) T.G.Hartley"
"Rutaceae","Comptonella sessilifoliola","(Guillaumin) T.G.Hartley"
"Rutaceae","Crossosperma cauliflora","T.G.Hartley"
"Rutaceae","Crossosperma velutina","(Guillaumin) T.G.Hartley"
"Rutaceae","Dutailliopsis gordonii","T.G.Hartley"
"Rutaceae","Dutaillyea amosensis","(Guillaumin) T.G.Hartley"
"Rutaceae","Dutaillyea trifoliolata","Baill."
"Rutaceae","Flindersia fournieri","Pancher & Sebert"
"Rutaceae","Geijera balansae","(Baill.) Schinz & Guillaumin"
"Rutaceae","Geijera salicifolia","Schott"
"Rutaceae","Halfordia kendack","Guillaumin"
"Rutaceae","Melicope lasioneura","Baill. ex Guillaumin"
"Rutaceae","Melicope triphylla","(Lam.) Merr."
"Rutaceae","Melicope vieillardii","Baill. ex Guillaumin"
"Rutaceae","Micromelum minutum","(G.Forst.) Wight & Arn."
"Rutaceae","Murraya crenulata","(Turcz.) Oliv."
"Rutaceae","Myrtopsis myrtoidea","(Baill.) Guillaumin"
"Rutaceae","Oxanthera brevipes","B.C.Stone"
"Rutaceae","Picrella glandulosa","T.G.Hartley"
"Rutaceae","Picrella ignambiensis","(Guillaumin) T.G.Hartley & Mabb."
"Rutaceae","Picrella trifoliata","Baill."
"Rutaceae","Sarcomelicope argyrophylla","Guillaumin"
"Rutaceae","Sarcomelicope follicularis","T.G.Hartley"
"Rutaceae","Sarcomelicope glauca","T.G.Hartley"
"Rutaceae","Sarcomelicope leiocarpa","(P.S.Green) T.G.Hartley"
"Rutaceae","Sarcomelicope simplicifolia","(Endl.) T.G.Hartley"
"Rutaceae","Zanthoxylum albiflorum","Baker f."
"Rutaceae","Zanthoxylum neocaledonicum","Baker f."
"Rutaceae","Zanthoxylum sarasinii","Guillaumin"
"Rutaceae","Zanthoxylum schlechteri","Guillaumin"
"Salicaceae","Casearia deplanchei","Sleumer"
"Salicaceae","Casearia kaalaensis","Lescot & Sleumer"
"Salicaceae","Casearia puberula","Guillaumin"
"Salicaceae","Homalium austrocaledonicum","Seem."
"Salicaceae","Homalium betulifolium","Däniker"
"Salicaceae","Homalium buxifolium","Däniker"
"Salicaceae","Homalium decurrens","Briq."
"Salicaceae","Homalium deplanchei","Warb."
"Salicaceae","Homalium francii","Guillaumin"
"Salicaceae","Homalium guillainii","Briq."
"Salicaceae","Homalium intermedium","Briq."
"Salicaceae","Homalium leratiorum","Guillaumin"
"Salicaceae","Homalium mathieuanum","(Vieill.) Briq."
"Salicaceae","Homalium polystachyum","(Vieill.) Briq."
"Salicaceae","Homalium rubiginosum","(Vieill.) Warb."
"Salicaceae","Homalium serratum","Guillaumin"
"Salicaceae","Homalium sleumerianum","Lescot"
"Salicaceae","Xylosma capillipes","Guillaumin"
"Salicaceae","Xylosma cordifolia","(Sleumer) Pillon"
"Salicaceae","Xylosma grossecrenata","(Sleumer) Lescot"
"Salicaceae","Xylosma guillauminii","Sleumer"
"Salicaceae","Xylosma kaalaensis","Sleumer"
"Salicaceae","Xylosma koghiensis","Guillaumin"
"Salicaceae","Xylosma lifuana","Guillaumin"
"Salicaceae","Xylosma mandjeliana","(Sleumer) Pillon"
"Salicaceae","Xylosma molesta","Sleumer"
"Salicaceae","Xylosma peltata","(Sleumer) Lescot"
"Salicaceae","Xylosma planchonellifolia","Guillaumin"
"Salicaceae","Xylosma pseudocoriacea","(Sleumer) Pillon"
"Salicaceae","Xylosma reticulata","(Schltr.) Pillon"
"Salicaceae","Xylosma rivularis","(Sleumer) Pillon"
"Salicaceae","Xylosma serpentina","Sleumer"
"Salicaceae","Xylosma trichostemona","Guillaumin"
"Salicaceae","Xylosma vincentii","Guillaumin"
"Santalaceae","Amphorogyne celastroides","Stauffer & Hürl."
"Santalaceae","Amphorogyne spicata","Stauffer & Hürl."
"Santalaceae","Amphorogyne staufferi","Markgr. ex Stauffer"
"Santalaceae","Exocarpos clavatus","Stauffer"
"Santalaceae","Exocarpos neocaledonicus","Schltr. & Pilg."
"Santalaceae","Exocarpos phyllanthoides","Endl."
"Santalaceae","Santalum austrocaledonicum","Vieill."
"Sapindaceae","Alectryon carinatus","Radlk."
"Sapindaceae","Cossinia trifoliata","(Baill.) Radlk."
"Sapindaceae","Cupaniopsis apiocarpa","Radlk."
"Sapindaceae","Cupaniopsis azantha","Radlk."
"Sapindaceae","Cupaniopsis chytradenia","Radlk."
"Sapindaceae","Cupaniopsis crassivalvis","Radlk."
"Sapindaceae","Cupaniopsis fruticosa","Radlk."
"Sapindaceae","Cupaniopsis glabra","Adema"
"Sapindaceae","Cupaniopsis globosa","Adema"
"Sapindaceae","Cupaniopsis glomeriflora","Radlk."
"Sapindaceae","Cupaniopsis grandiflora","Adema"
"Sapindaceae","Cupaniopsis grisea","Adema"
"Sapindaceae","Cupaniopsis hypodermatica","Radlk."
"Sapindaceae","Cupaniopsis inoplea","Radlk."
"Sapindaceae","Cupaniopsis mackeeana","Adema"
"Sapindaceae","Cupaniopsis macrocarpa","Radlk."
"Sapindaceae","Cupaniopsis megalocarpa","Adema"
"Sapindaceae","Cupaniopsis mouana","Guillaumin"
"Sapindaceae","Cupaniopsis myrmoctona","Radlk."
"Sapindaceae","Cupaniopsis oedipoda","Radlk."
"Sapindaceae","Cupaniopsis pennelii","Guillaumin"
"Sapindaceae","Cupaniopsis petiolulata","Radlk."
"Sapindaceae","Cupaniopsis phalacrocarpa","Adema"
"Sapindaceae","Cupaniopsis rosea","Adema"
"Sapindaceae","Cupaniopsis squamosa","Adema"
"Sapindaceae","Cupaniopsis subfalcata","Adema"
"Sapindaceae","Cupaniopsis sylvatica","Guillaumin"
"Sapindaceae","Cupaniopsis tontoutensis","Guillaumin"
"Sapindaceae","Cupaniopsis trigonocarpa","Radlk."
"Sapindaceae","Dodonaea viscosa","(L.) Jacq."
"Sapindaceae","Elattostachys apetala","(Labill.) Radlk."
"Sapindaceae","Elattostachys dzumacensis","Adema"
"Sapindaceae","Elattostachys incisa","Radlk."
"Sapindaceae","Gongrodiscus bilocularis","H.Turner"
"Sapindaceae","Gongrodiscus parvifolius","Radlk."
"Sapindaceae","Gongrodiscus sufferrugineus","Radlk."
"Sapindaceae","Guioa crenata","Radlk."
"Sapindaceae","Guioa crenulata","Radlk."
"Sapindaceae","Guioa glauca","(Labill.) Radlk."
"Sapindaceae","Guioa microsepala","Radlk."
"Sapindaceae","Guioa ovalis","Radlk."
"Sapindaceae","Guioa pectinata","Radlk."
"Sapindaceae","Guioa villosa","Radlk."
"Sapindaceae","Harpullia austrocaledonica","Baill."
"Sapindaceae","Lepidocupania arcuata","(Radlk.) Buerki, Callm., Munzinger & Lowry"
"Sapindaceae","Lepidocupania gracilipes","(Radlk.) Buerki, Callm., Munzinger & Lowry"
"Sapindaceae","Lepidocupania lepidota","(Radlk.) Buerki, Callm., Munzinger & Lowry"
"Sapindaceae","Neoarytera chartacea","(Radlk.) Callm., Buerki, Munzinger & Lowry"
"Sapindaceae","Neoarytera collina","(Pancher & Sebert) Callm., Buerki, Munzinger & Lowry"
"Sapindaceae","Neoarytera nekorensis","(H.Turner) Callm., Buerki, Munzinger & Lowry"
"Sapindaceae","Neoarytera neoebudensis","(Guillaumin) Callm., Buerki, Munzinger & Lowry"
"Sapindaceae","Podonephelium concolor","Radlk."
"Sapindaceae","Podonephelium cristagalli","Munzinger, Lowry, Callm. & Buerki"
"Sapindaceae","Podonephelium davidsonii","Munzinger , Lowry , Callm. & Buerki"
"Sapindaceae","Podonephelium gongrocarpum","(Radlk ) Munzinger, Lowry, Callm. & Buerki"
"Sapindaceae","Podonephelium homei","(Seem.) Radlk"
"Sapindaceae","Podonephelium pachycaule","Munzinger, Lowry, Callm. & Buerki"
"Sapindaceae","Podonephelium parvifolium","Radlk."
"Sapindaceae","Podonephelium plicatum","Munzinger, Lowry , Callm. & Buerki"
"Sapindaceae","Podonephelium subaequilaterum","Radlk."
"Sapindaceae","Storthocalyx chryseus","Radlk."
"Sapindaceae","Storthocalyx corymbosus","Munzinger, Lowry, Buerki & Callm."
"Sapindaceae","Storthocalyx leioneurus","Radlk."
"Sapindaceae","Storthocalyx sordidus","Radlk."
"Sapotaceae","Manilkara dissecta","(L.f.) Dubard"
"Sapotaceae","Mimusops elengi","L."
"Sapotaceae","Pichonia balansae","(Baehni) Swenson & Munzinger"
"Sapotaceae","Pichonia balansana","Pierre"
"Sapotaceae","Pichonia daenikeri","(Aubrév.) Swenson, Bartish & Munzinger"
"Sapotaceae","Pichonia deplanchei","(Baill.) Swenson & Munzinger"
"Sapotaceae","Pichonia dubia","(Pierre ex Guillaumin) Swenson & Munzinger"
"Sapotaceae","Pichonia grandiflora","Swenson & Munzinger"
"Sapotaceae","Pichonia lecomtei","(Guillaumin) T.D.Penn."
"Sapotaceae","Planchonella amieuana","(Guillaumin) Aubrév."
"Sapotaceae","Planchonella cauliflora","Munzinger & Swenson"
"Sapotaceae","Planchonella chartacea","(F.Muell. ex Benth.) H.J.Lam"
"Sapotaceae","Planchonella cinerea","(Pancher ex Baill.) P.Royen"
"Sapotaceae","Planchonella contermina","Pierre ex Dubard"
"Sapotaceae","Planchonella dothioensis","(Aubrév.) Swenson, Bartish & Munzinger"
"Sapotaceae","Planchonella endlicheri","(Montrouz.) Guillaumin"
"Sapotaceae","Planchonella glauca","Swenson & Munzinger"
"Sapotaceae","Planchonella kaalaensis","Aubrév."
"Sapotaceae","Planchonella kuebiniensis","Aubrév."
"Sapotaceae","Planchonella laetevirens","(Baill.) Pierre ex Dubard"
"Sapotaceae","Planchonella latihila","Munzinger & Swenson"
"Sapotaceae","Planchonella lifuana","(Baill.) Pierre ex Dubard"
"Sapotaceae","Planchonella luteocostata","Munzinger & Swenson"
"Sapotaceae","Planchonella mandjeliana","Munzinger & Swenson"
"Sapotaceae","Planchonella microphylla","Pierre ex Dubard"
"Sapotaceae","Planchonella pinifolia","(Baill.) Dubard"
"Sapotaceae","Planchonella povilana","Swenson & Munzinger"
"Sapotaceae","Planchonella rheophytopsis","P.Royen"
"Sapotaceae","Planchonella roseoloba","Munzinger & Swenson"
"Sapotaceae","Planchonella rufocostata","Munzinger & Swenson"
"Sapotaceae","Planchonella sphaerocarpa","(Baill.) Dubard"
"Sapotaceae","Planchonella thiensis","Aubrév."
"Sapotaceae","Planchonella wakere","(Pancher & Sebert) Pierre"
"Sapotaceae","Pleioluma acutifolia","Swenson & Munzinger"
"Sapotaceae","Pleioluma azou","(P.Royen) Swenson & Munzinger"
"Sapotaceae","Pleioluma balansana","(Pierre ex Baill.) Swenson & Munzinger"
"Sapotaceae","Pleioluma baueri","(Montrouz.) Swenson & Munzinger"
"Sapotaceae","Pleioluma belepensis","Swenson & Munzinger"
"Sapotaceae","Pleioluma crebrifolia","(Baill.) Swenson & Munzinger"
"Sapotaceae","Pleioluma dioica","Swenson & Munzinger"
"Sapotaceae","Pleioluma lasiantha","(Baill.) Swenson & Munzinger"
"Sapotaceae","Pleioluma longipetiolata","(Aubrév.) Swenson & Munzinger"
"Sapotaceae","Pleioluma novocaledonica","(Dubard) Swenson & Munzinger"
"Sapotaceae","Pleioluma rubicunda","(Pierre ex Baill.) Swenson & Munzinger"
"Sapotaceae","Pleioluma sebertii","(Pancher) Swenson & Munzinger"
"Sapotaceae","Pleioluma tenuipedicellata","Swenson & Munzinger"
"Sapotaceae","Pleioluma vieillardii","(Baill.) Swenson & Munzinger"
"Sapotaceae","Pycnandra acuminata","(Pierre ex Baill.) Swenson & Munzinger"
"Sapotaceae","Pycnandra atrofusca","Swenson & Munzinger"
"Sapotaceae","Pycnandra balansae","(Baill.) Swenson & Munzinger"
"Sapotaceae","Pycnandra belepensis","Swenson & Munzinger"
"Sapotaceae","Pycnandra benthamii","Baill."
"Sapotaceae","Pycnandra blaffartii","Swenson & Munzinger"
"Sapotaceae","Pycnandra bourailensis","Swenson & Munzinger"
"Sapotaceae","Pycnandra bracteolata","Swenson & Munzinger"
"Sapotaceae","Pycnandra caeruleilatex","Swenson & Munzinger"
"Sapotaceae","Pycnandra canaliculata","Swenson & Munzinger"
"Sapotaceae","Pycnandra carinocostata","Vink"
"Sapotaceae","Pycnandra chartacea","Vink"
"Sapotaceae","Pycnandra comptonii","(S.Moore) Vink"
"Sapotaceae","Pycnandra comptonioides","Swenson & Munzinger"
"Sapotaceae","Pycnandra confusa","Swenson & Munzinger"
"Sapotaceae","Pycnandra controversa","(Guillaumin) Vink"
"Sapotaceae","Pycnandra cylindricarpa","Swenson & Munzinger"
"Sapotaceae","Pycnandra decandra","(Montrouz.) Vink"
"Sapotaceae","Pycnandra elliptica","Swenson & Munzinger"
"Sapotaceae","Pycnandra fastuosa","(Baill.) Vink"
"Sapotaceae","Pycnandra filipes","(Benth.) Munzinger & Swenson"
"Sapotaceae","Pycnandra francii","(Guillaumin & Dubard) Swenson & Munzinger"
"Sapotaceae","Pycnandra glabella","Swenson & Munzinger"
"Sapotaceae","Pycnandra glaberrima","Swenson & Munzinger"
"Sapotaceae","Pycnandra gordoniifolia","(S.Moore) Swenson & Munzinger"
"Sapotaceae","Pycnandra grandifolia","(Vink) Munzinger & Swenson"
"Sapotaceae","Pycnandra griseosepala","Vink"
"Sapotaceae","Pycnandra heteromera","(Vink) Swenson & Munzinger"
"Sapotaceae","Pycnandra kaalaensis","Aubrév."
"Sapotaceae","Pycnandra kouakouensis","Swenson & Munzinger"
"Sapotaceae","Pycnandra montana","Swenson & Munzinger"
"Sapotaceae","Pycnandra neocaledonica","(S.Moore) Vink"
"Sapotaceae","Pycnandra paniensis","Aubrév."
"Sapotaceae","Pycnandra paucinervia","Swenson & Munzinger"
"Sapotaceae","Pycnandra poindimiensis","Swenson & Munzinger"
"Sapotaceae","Pycnandra pubiflora","Swenson & Munzinger"
"Sapotaceae","Pycnandra sarlinii","(Aubrév.) Swenson & Munzinger"
"Sapotaceae","Pycnandra schmidii","(Aubrév.) Swenson & Munzinger"
"Sapotaceae","Pycnandra sclerophylla","Munzinger & Swenson"
"Sapotaceae","Pycnandra sessiliflora","Swenson & Munzinger"
"Sapotaceae","Pycnandra sessilifolia","(Pancher & Sebert) Swenson & Munzinger"
"Sapotaceae","Pycnandra vieillardii","(Baill.) Vink"
"Sapotaceae","Pycnandra viridiflora","Swenson & Munzinger"
"Sapotaceae","Pycnandra wagapensis","(Guillaumin) Munzinger & Swenson"
"Scrophulariaceae","Myoporum crassifolium","G.Forst."
"Scrophulariaceae","Myoporum tenuifolium","G.Forst."
"Simaroubaceae","Soulamea cardioptera","Baill."
"Solanaceae","Duboisia myoporoides","R.Br."
"Stemonuraceae","Gastrolepis austrocaledonica","(Baill.) R.A.Howard"
"Stemonuraceae","Stemonurus umbellatus","Becc."
"Strasburgeriaceae","Strasburgeria robusta","(Vieill. ex Panch. & Sebert) Guillaumin"
"Surianaceae","Suriana maritima","L."
"Symplocaceae","Symplocos arborea","Brongn. & Gris"
"Symplocaceae","Symplocos caerulescens","(Vieill.) Brongn. & Gris"
"Symplocaceae","Symplocos flavescens","Rusby"
"Symplocaceae","Symplocos montana","Brongn. & Gris"
"Symplocaceae","Symplocos neocaledonica","(Vieill.) Noot."
"Taxaceae","Austrotaxus spicata","Compton"
"Thymelaeaceae","Lethedon balansae","(Baill.) Kosterm."
"Thymelaeaceae","Lethedon cernua","(Baill.) Kosterm."
"Thymelaeaceae","Lethedon cordatoretusa","Aymonin"
"Thymelaeaceae","Lethedon leratii","(Guillaumin) Kosterm."
"Thymelaeaceae","Lethedon oblonga","(Schltr.) Kosterm."
"Thymelaeaceae","Solmsia calophylla","Baill."
"Trimeniaceae","Trimenia neocaledonica","Baker f."
"Urticaceae","Cypholophus decipiens","H.J.P.Winkl."
"Urticaceae","Dendrocnide latifolia","(Gaudich.) Chew"
"Violaceae","Hybanthus micranthus","Guillaumin"
"Winteraceae","Zygogynum acsmithii","Vink"
"Winteraceae","Zygogynum amplexicaule","(Parm.) Vink"
"Winteraceae","Zygogynum baillonii","Tiegh."
"Winteraceae","Zygogynum bicolor","Tiegh."
"Winteraceae","Zygogynum comptonii","(Baker f.) Vink"
"Winteraceae","Zygogynum crassifolium","(Baill.) Vink"
"Winteraceae","Zygogynum cristatum","Vink"
"Winteraceae","Zygogynum mackeei","Vink"
"Winteraceae","Zygogynum oligostigma","Vink"
"Winteraceae","Zygogynum pancheri","(Baill.) Vink"
"Winteraceae","Zygogynum pauciflorum","(Baker f.) Vink"
"Winteraceae","Zygogynum pomiferum","Baill."
"Winteraceae","Zygogynum tieghemii","Vink"
"Winteraceae","Zygogynum vinkii","F.B.Sampson"
